1908-01-01,London,Aquatics,Diving,"SPANGBERG, Arvid",Men,10M Platform,Bronze,Sweden,SWE,9798871.0,50579.67364867769,summer,3.5,3.0,5.0,2.88,8.5,3.0,8.38,4.63,35.0,3.0,5.13,47.0
1908-01-01,London,Aquatics,Diving,"JOHANSSON, Hjalmar",Men,10M Platform,Gold,Sweden,SWE,9798871.0,50579.67364867769,summer,3.5,3.0,5.0,2.88,8.5,3.0,8.38,4.63,35.0,3.0,5.13,47.0
1908-01-01,London,Aquatics,Diving,"MALMSTRÖM, Karl",Men,10M Platform,Silver,Sweden,SWE,9798871.0,50579.67364867769,summer,3.5,3.0,5.0,2.88,8.5,3.0,8.38,4.63,35.0,3.0,5.13,47.0
1908-01-01,London,Aquatics,Diving,"GAIDZIK, George William",Men,3M Springboard,Bronze,United States,USA,321418820.0,56115.7184261955,summer,3.5,3.0,5.0,2.88,8.5,3.0,8.38,4.63,35.0,3.0,5.13,47.0
1908-01-01,London,Aquatics,Diving,"WALZ, Gottlob",Men,3M Springboard,Bronze,Germany,GER,81413145.0,41313.3139945434,summer,3.5,3.0,5.0,2.88,8.5,3.0,8.38,4.63,35.0,3.0,5.13,47.0
1908-01-01,London,Aquatics,Diving,"ZÜRNER, Albert",Men,3M Springboard,Gold,Germany,GER,81413145.0,41313.3139945434,summer,3.5,3.0,5.0,2.88,8.5,3.0,8.38,4.63,35.0,3.0,5.13,47.0
1908-01-01,London,Aquatics,Diving,"BEHRENS, Kurt",Men,3M Springboard,Silver,Germany,GER,81413145.0,41313.3139945434,summer,3.5,3.0,5.0,2.88,8.5,3.0,8.38,4.63,35.0,3.0,5.13,47.0
1908-01-01,London,Aquatics,Swimming,"HARESNAPE, Herbert Nickall",Men,100M Backstroke,Bronze,United Kingdom,GBR,65138232.0,43875.9696143686,summer,3.63,3.0,4.63,9.25,5.5,2.88,2.63,4.63,36.0,5.5,5.25,46.875
1908-01-01,London,Aquatics,Swimming,"HARESNAPE, Herbert Nickall",Men,100M Backstroke,Bronze,United Kingdom,GBR,65138232.0,43875.9696143686,summer,3.63,3.0,3.25,4.13,5.5,2.75,2.5,6.25,45.0,7.88,5.25,44.125
1908-01-01,London,Aquatics,Swimming,"BIEBERSTEIN, Arno",Men,100M Backstroke,Gold,Germany,GER,81413145.0,41313.3139945434,summer,3.63,3.0,4.63,9.25,5.5,2.88,2.63,4.63,36.0,5.5,5.25,46.875
1908-01-01,London,Aquatics,Swimming,"BIEBERSTEIN, Arno",Men,100M Backstroke,Gold,Germany,GER,81413145.0,41313.3139945434,summer,3.63,3.0,3.25,4.13,5.5,2.75,2.5,6.25,45.0,7.88,5.25,44.125
1908-01-01,London,Aquatics,Swimming,"DAM, Hans Peter Ludwig",Men,100M Backstroke,Silver,Denmark,DEN,5676002.0,51989.2934712354,summer,3.63,3.0,4.63,9.25,5.5,2.88,2.63,4.63,36.0,5.5,5.25,46.875
1908-01-01,London,Aquatics,Swimming,"DAM, Hans Peter Ludwig",Men,100M Backstroke,Silver,Denmark,DEN,5676002.0,51989.2934712354,summer,3.63,3.0,3.25,4.13,5.5,2.75,2.5,6.25,45.0,7.88,5.25,44.125
1908-01-01,London,Aquatics,Swimming,"JULIN, Harald S.A.",Men,100M Freestyle,Bronze,Sweden,SWE,9798871.0,50579.67364867769,summer,3.63,3.0,4.63,9.25,5.5,2.88,2.63,4.63,36.0,5.5,5.25,46.875
1908-01-01,London,Aquatics,Swimming,"JULIN, Harald S.A.",Men,100M Freestyle,Bronze,Sweden,SWE,9798871.0,50579.67364867769,summer,3.63,3.0,3.25,4.13,5.5,2.75,2.5,6.25,45.0,7.88,5.25,44.125
1908-01-01,London,Aquatics,Swimming,"DANIELS, Charles",Men,100M Freestyle,Gold,United States,USA,321418820.0,56115.7184261955,summer,3.63,3.0,4.63,9.25,5.5,2.88,2.63,4.63,36.0,5.5,5.25,46.875
1908-01-01,London,Aquatics,Swimming,"DANIELS, Charles",Men,100M Freestyle,Gold,United States,USA,321418820.0,56115.7184261955,summer,3.63,3.0,3.25,4.13,5.5,2.75,2.5,6.25,45.0,7.88,5.25,44.125
1908-01-01,London,Aquatics,Swimming,"HALMAY, Zoltan",Men,100M Freestyle,Silver,Hungary,HUN,9844686.0,12363.543459653898,summer,3.63,3.0,4.63,9.25,5.5,2.88,2.63,4.63,36.0,5.5,5.25,46.875
1908-01-01,London,Aquatics,Swimming,"HALMAY, Zoltan",Men,100M Freestyle,Silver,Hungary,HUN,9844686.0,12363.543459653898,summer,3.63,3.0,3.25,4.13,5.5,2.75,2.5,6.25,45.0,7.88,5.25,44.125
1908-01-01,London,Aquatics,Swimming,"TAYLOR, Henry",Men,1500M Freestyle,Gold,United Kingdom,GBR,65138232.0,43875.9696143686,summer,3.63,3.0,4.63,9.25,5.5,2.88,2.63,4.63,36.0,5.5,5.25,46.875
1908-01-01,London,Aquatics,Swimming,"TAYLOR, Henry",Men,1500M Freestyle,Gold,United Kingdom,GBR,65138232.0,43875.9696143686,summer,3.63,3.0,3.25,4.13,5.5,2.75,2.5,6.25,45.0,7.88,5.25,44.125
1908-01-01,London,Aquatics,Swimming,"BATTERSBY, Thomas Sidney",Men,1500M Freestyle,Silver,United Kingdom,GBR,65138232.0,43875.9696143686,summer,3.63,3.0,4.63,9.25,5.5,2.88,2.63,4.63,36.0,5.5,5.25,46.875
1908-01-01,London,Aquatics,Swimming,"BATTERSBY, Thomas Sidney",Men,1500M Freestyle,Silver,United Kingdom,GBR,65138232.0,43875.9696143686,summer,3.63,3.0,3.25,4.13,5.5,2.75,2.5,6.25,45.0,7.88,5.25,44.125
1908-01-01,London,Aquatics,Swimming,"HANSSON, Pontus",Men,200M Breaststroke,Bronze,Sweden,SWE,9798871.0,50579.67364867769,summer,3.63,3.0,4.63,9.25,5.5,2.88,2.63,4.63,36.0,5.5,5.25,46.875
1908-01-01,London,Aquatics,Swimming,"HANSSON, Pontus",Men,200M Breaststroke,Bronze,Sweden,SWE,9798871.0,50579.67364867769,summer,3.63,3.0,3.25,4.13,5.5,2.75,2.5,6.25,45.0,7.88,5.25,44.125
1908-01-01,London,Aquatics,Swimming,"HOLMAN, Frederick",Men,200M Breaststroke,Gold,United Kingdom,GBR,65138232.0,43875.9696143686,summer,3.63,3.0,4.63,9.25,5.5,2.88,2.63,4.63,36.0,5.5,5.25,46.875
1908-01-01,London,Aquatics,Swimming,"HOLMAN, Frederick",Men,200M Breaststroke,Gold,United Kingdom,GBR,65138232.0,43875.9696143686,summer,3.63,3.0,3.25,4.13,5.5,2.75,2.5,6.25,45.0,7.88,5.25,44.125
1908-01-01,London,Aquatics,Swimming,"ROBINSON, William Walter",Men,200M Breaststroke,Silver,United Kingdom,GBR,65138232.0,43875.9696143686,summer,3.63,3.0,4.63,9.25,5.5,2.88,2.63,4.63,36.0,5.5,5.25,46.875
1908-01-01,London,Aquatics,Swimming,"ROBINSON, William Walter",Men,200M Breaststroke,Silver,United Kingdom,GBR,65138232.0,43875.9696143686,summer,3.63,3.0,3.25,4.13,5.5,2.75,2.5,6.25,45.0,7.88,5.25,44.125
1908-01-01,London,Aquatics,Swimming,"SCHEFF, Otto",Men,400M Freestyle,Bronze,Austria,AUT,8611088.0,43774.985173612,summer,3.63,3.0,4.63,9.25,5.5,2.88,2.63,4.63,36.0,5.5,5.25,46.875
1908-01-01,London,Aquatics,Swimming,"SCHEFF, Otto",Men,400M Freestyle,Bronze,Austria,AUT,8611088.0,43774.985173612,summer,3.63,3.0,3.25,4.13,5.5,2.75,2.5,6.25,45.0,7.88,5.25,44.125
1908-01-01,London,Aquatics,Swimming,"TAYLOR, Henry",Men,400M Freestyle,Gold,United Kingdom,GBR,65138232.0,43875.9696143686,summer,3.63,3.0,4.63,9.25,5.5,2.88,2.63,4.63,36.0,5.5,5.25,46.875
1908-01-01,London,Aquatics,Swimming,"TAYLOR, Henry",Men,400M Freestyle,Gold,United Kingdom,GBR,65138232.0,43875.9696143686,summer,3.63,3.0,3.25,4.13,5.5,2.75,2.5,6.25,45.0,7.88,5.25,44.125
1908-01-01,London,Aquatics,Swimming,"DANIELS, Charles",Men,4X200M Freestyle Relay,Bronze,United States,USA,321418820.0,56115.7184261955,summer,3.63,3.0,4.63,9.25,5.5,2.88,2.63,4.63,36.0,5.5,5.25,46.875
1908-01-01,London,Aquatics,Swimming,"DANIELS, Charles",Men,4X200M Freestyle Relay,Bronze,United States,USA,321418820.0,56115.7184261955,summer,3.63,3.0,3.25,4.13,5.5,2.75,2.5,6.25,45.0,7.88,5.25,44.125
1908-01-01,London,Aquatics,Swimming,"GOODWIN, Leo Budd",Men,4X200M Freestyle Relay,Bronze,United States,USA,321418820.0,56115.7184261955,summer,3.63,3.0,4.63,9.25,5.5,2.88,2.63,4.63,36.0,5.5,5.25,46.875
1908-01-01,London,Aquatics,Swimming,"GOODWIN, Leo Budd",Men,4X200M Freestyle Relay,Bronze,United States,USA,321418820.0,56115.7184261955,summer,3.63,3.0,3.25,4.13,5.5,2.75,2.5,6.25,45.0,7.88,5.25,44.125
1908-01-01,London,Aquatics,Swimming,"HEBNER, Harry J.",Men,4X200M Freestyle Relay,Bronze,United States,USA,321418820.0,56115.7184261955,summer,3.63,3.0,4.63,9.25,5.5,2.88,2.63,4.63,36.0,5.5,5.25,46.875
1908-01-01,London,Aquatics,Swimming,"HEBNER, Harry J.",Men,4X200M Freestyle Relay,Bronze,United States,USA,321418820.0,56115.7184261955,summer,3.63,3.0,3.25,4.13,5.5,2.75,2.5,6.25,45.0,7.88,5.25,44.125
1908-01-01,London,Aquatics,Swimming,"RICH, Leslie George",Men,4X200M Freestyle Relay,Bronze,United States,USA,321418820.0,56115.7184261955,summer,3.63,3.0,4.63,9.25,5.5,2.88,2.63,4.63,36.0,5.5,5.25,46.875
1908-01-01,London,Aquatics,Swimming,"RICH, Leslie George",Men,4X200M Freestyle Relay,Bronze,United States,USA,321418820.0,56115.7184261955,summer,3.63,3.0,3.25,4.13,5.5,2.75,2.5,6.25,45.0,7.88,5.25,44.125
1908-01-01,London,Aquatics,Swimming,"DERBYSHIRE, John Henry",Men,4X200M Freestyle Relay,Gold,United Kingdom,GBR,65138232.0,43875.9696143686,summer,3.63,3.0,4.63,9.25,5.5,2.88,2.63,4.63,36.0,5.5,5.25,46.875
1908-01-01,London,Aquatics,Swimming,"DERBYSHIRE, John Henry",Men,4X200M Freestyle Relay,Gold,United Kingdom,GBR,65138232.0,43875.9696143686,summer,3.63,3.0,3.25,4.13,5.5,2.75,2.5,6.25,45.0,7.88,5.25,44.125
1908-01-01,London,Aquatics,Swimming,"FOSTER, William",Men,4X200M Freestyle Relay,Gold,United Kingdom,GBR,65138232.0,43875.9696143686,summer,3.63,3.0,4.63,9.25,5.5,2.88,2.63,4.63,36.0,5.5,5.25,46.875
1908-01-01,London,Aquatics,Swimming,"FOSTER, William",Men,4X200M Freestyle Relay,Gold,United Kingdom,GBR,65138232.0,43875.9696143686,summer,3.63,3.0,3.25,4.13,5.5,2.75,2.5,6.25,45.0,7.88,5.25,44.125
1908-01-01,London,Aquatics,Swimming,"RADMILOVIC, Paul",Men,4X200M Freestyle Relay,Gold,United Kingdom,GBR,65138232.0,43875.9696143686,summer,3.63,3.0,4.63,9.25,5.5,2.88,2.63,4.63,36.0,5.5,5.25,46.875
1908-01-01,London,Aquatics,Swimming,"RADMILOVIC, Paul",Men,4X200M Freestyle Relay,Gold,United Kingdom,GBR,65138232.0,43875.9696143686,summer,3.63,3.0,3.25,4.13,5.5,2.75,2.5,6.25,45.0,7.88,5.25,44.125
1908-01-01,London,Aquatics,Swimming,"TAYLOR, Henry",Men,4X200M Freestyle Relay,Gold,United Kingdom,GBR,65138232.0,43875.9696143686,summer,3.63,3.0,4.63,9.25,5.5,2.88,2.63,4.63,36.0,5.5,5.25,46.875
1908-01-01,London,Aquatics,Swimming,"TAYLOR, Henry",Men,4X200M Freestyle Relay,Gold,United Kingdom,GBR,65138232.0,43875.9696143686,summer,3.63,3.0,3.25,4.13,5.5,2.75,2.5,6.25,45.0,7.88,5.25,44.125
1908-01-01,London,Aquatics,Swimming,"HALMAY, Zoltan",Men,4X200M Freestyle Relay,Silver,Hungary,HUN,9844686.0,12363.543459653898,summer,3.63,3.0,4.63,9.25,5.5,2.88,2.63,4.63,36.0,5.5,5.25,46.875
1908-01-01,London,Aquatics,Swimming,"HALMAY, Zoltan",Men,4X200M Freestyle Relay,Silver,Hungary,HUN,9844686.0,12363.543459653898,summer,3.63,3.0,3.25,4.13,5.5,2.75,2.5,6.25,45.0,7.88,5.25,44.125
1908-01-01,London,Aquatics,Swimming,"LAS TORRES, Béla",Men,4X200M Freestyle Relay,Silver,Hungary,HUN,9844686.0,12363.543459653898,summer,3.63,3.0,4.63,9.25,5.5,2.88,2.63,4.63,36.0,5.5,5.25,46.875
1908-01-01,London,Aquatics,Swimming,"LAS TORRES, Béla",Men,4X200M Freestyle Relay,Silver,Hungary,HUN,9844686.0,12363.543459653898,summer,3.63,3.0,3.25,4.13,5.5,2.75,2.5,6.25,45.0,7.88,5.25,44.125
1908-01-01,London,Aquatics,Swimming,"MUNK, Jozsef",Men,4X200M Freestyle Relay,Silver,Hungary,HUN,9844686.0,12363.543459653898,summer,3.63,3.0,4.63,9.25,5.5,2.88,2.63,4.63,36.0,5.5,5.25,46.875
1908-01-01,London,Aquatics,Swimming,"MUNK, Jozsef",Men,4X200M Freestyle Relay,Silver,Hungary,HUN,9844686.0,12363.543459653898,summer,3.63,3.0,3.25,4.13,5.5,2.75,2.5,6.25,45.0,7.88,5.25,44.125
1908-01-01,London,Aquatics,Swimming,"ZACHAR, Imre",Men,4X200M Freestyle Relay,Silver,Hungary,HUN,9844686.0,12363.543459653898,summer,3.63,3.0,4.63,9.25,5.5,2.88,2.63,4.63,36.0,5.5,5.25,46.875
1908-01-01,London,Aquatics,Swimming,"ZACHAR, Imre",Men,4X200M Freestyle Relay,Silver,Hungary,HUN,9844686.0,12363.543459653898,summer,3.63,3.0,3.25,4.13,5.5,2.75,2.5,6.25,45.0,7.88,5.25,44.125
1908-01-01,London,Archery,Archery,"CABARET, Gustave",Men,Continental Style 50M,Bronze,France,FRA,66808385.0,36205.5681017036,summer,1.63,3.25,2.13,2.88,2.63,6.63,2.75,3.13,55.0,1.13,4.5,30.625
1908-01-01,London,Archery,Archery,"GRISOT, EugÃ¨ne G.",Men,Continental Style 50M,Gold,France,FRA,66808385.0,36205.5681017036,summer,1.63,3.25,2.13,2.88,2.63,6.63,2.75,3.13,55.0,1.13,4.5,30.625
1908-01-01,London,Archery,Archery,"VERNET, Louis",Men,Continental Style 50M,Silver,France,FRA,66808385.0,36205.5681017036,summer,1.63,3.25,2.13,2.88,2.63,6.63,2.75,3.13,55.0,1.13,4.5,30.625
1908-01-01,London,Archery,Archery,"HILL-LOWE, Beatrice Geraldine",Women,National Round (60Y - 50Y),Bronze,United Kingdom,GBR,65138232.0,43875.9696143686,summer,1.63,3.25,2.13,2.88,2.63,6.63,2.75,3.13,55.0,1.13,4.5,30.625
1908-01-01,London,Archery,Archery,"NEWALL, Sybil Fenton Quenni",Women,National Round (60Y - 50Y),Gold,United Kingdom,GBR,65138232.0,43875.9696143686,summer,1.63,3.25,2.13,2.88,2.63,6.63,2.75,3.13,55.0,1.13,4.5,30.625
1908-01-01,London,Archery,Archery,"DOD, Charlotte",Women,National Round (60Y - 50Y),Silver,United Kingdom,GBR,65138232.0,43875.9696143686,summer,1.63,3.25,2.13,2.88,2.63,6.63,2.75,3.13,55.0,1.13,4.5,30.625
1908-01-01,London,Archery,Archery,"RICHARDSON, Henry Barber",Men,York Round (100Y - 80Y - 60Y),Bronze,United States,USA,321418820.0,56115.7184261955,summer,1.63,3.25,2.13,2.88,2.63,6.63,2.75,3.13,55.0,1.13,4.5,30.625
1908-01-01,London,Archery,Archery,"DOD, William",Men,York Round (100Y - 80Y - 60Y),Gold,United Kingdom,GBR,65138232.0,43875.9696143686,summer,1.63,3.25,2.13,2.88,2.63,6.63,2.75,3.13,55.0,1.13,4.5,30.625
1908-01-01,London,Archery,Archery,"BROOKS-KING, Reginald B.",Men,York Round (100Y - 80Y - 60Y),Silver,United Kingdom,GBR,65138232.0,43875.9696143686,summer,1.63,3.25,2.13,2.88,2.63,6.63,2.75,3.13,55.0,1.13,4.5,30.625
1908-01-01,London,Boxing,Boxing,"WEBB, William",Men,- 52.62KG (Bantamweight),Bronze,United Kingdom,GBR,65138232.0,43875.9696143686,summer,6.25,5.63,8.5,8.6300000000000008,4.38,7.0,8.88,8.63,1.0,6.38,8.13,72.375
1908-01-01,London,Boxing,Boxing,"THOMAS, A. Henry",Men,- 52.62KG (Bantamweight),Gold,United Kingdom,GBR,65138232.0,43875.9696143686,summer,6.25,5.63,8.5,8.6300000000000008,4.38,7.0,8.88,8.63,1.0,6.38,8.13,72.375
1908-01-01,London,Boxing,Boxing,"CONDON, John",Men,- 52.62KG (Bantamweight),Silver,United Kingdom,GBR,65138232.0,43875.9696143686,summer,6.25,5.63,8.5,8.6300000000000008,4.38,7.0,8.88,8.63,1.0,6.38,8.13,72.375
1908-01-01,London,Boxing,Boxing,"PARKS, Frederick",Men,+ 71.67KG (Heavyweight),Bronze,United Kingdom,GBR,65138232.0,43875.9696143686,summer,6.25,5.63,8.5,8.6300000000000008,4.38,7.0,8.88,8.63,1.0,6.38,8.13,72.375
1908-01-01,London,Boxing,Boxing,"OLDMAN, Albert Leonard",Men,+ 71.67KG (Heavyweight),Gold,United Kingdom,GBR,65138232.0,43875.9696143686,summer,6.25,5.63,8.5,8.6300000000000008,4.38,7.0,8.88,8.63,1.0,6.38,8.13,72.375
1908-01-01,London,Boxing,Boxing,"EVANS, Sydney Charles H.",Men,+ 71.67KG (Heavyweight),Silver,United Kingdom,GBR,65138232.0,43875.9696143686,summer,6.25,5.63,8.5,8.6300000000000008,4.38,7.0,8.88,8.63,1.0,6.38,8.13,72.375
1908-01-01,London,Boxing,Boxing,"RODDIN, Hugh",Men,52.62 - 57.15KG (Featherweight),Bronze,United Kingdom,GBR,65138232.0,43875.9696143686,summer,6.25,5.63,8.5,8.6300000000000008,4.38,7.0,8.88,8.63,1.0,6.38,8.13,72.375
1908-01-01,London,Boxing,Boxing,"GUNN, Richard Kenneth",Men,52.62 - 57.15KG (Featherweight),Gold,United Kingdom,GBR,65138232.0,43875.9696143686,summer,6.25,5.63,8.5,8.6300000000000008,4.38,7.0,8.88,8.63,1.0,6.38,8.13,72.375
1908-01-01,London,Boxing,Boxing,"MORRIS, Charles W.",Men,52.62 - 57.15KG (Featherweight),Silver,United Kingdom,GBR,65138232.0,43875.9696143686,summer,6.25,5.63,8.5,8.6300000000000008,4.38,7.0,8.88,8.63,1.0,6.38,8.13,72.375
1908-01-01,London,Boxing,Boxing,"JOHNSON, Harry H.",Men,57.15 - 63.5KG (Lightweight),Bronze,United Kingdom,GBR,65138232.0,43875.9696143686,summer,6.25,5.63,8.5,8.6300000000000008,4.38,7.0,8.88,8.63,1.0,6.38,8.13,72.375
1908-01-01,London,Boxing,Boxing,"GRACE, Frederick",Men,57.15 - 63.5KG (Lightweight),Gold,United Kingdom,GBR,65138232.0,43875.9696143686,summer,6.25,5.63,8.5,8.6300000000000008,4.38,7.0,8.88,8.63,1.0,6.38,8.13,72.375
1908-01-01,London,Boxing,Boxing,"SPILLER, M. Frederick",Men,57.15 - 63.5KG (Lightweight),Silver,United Kingdom,GBR,65138232.0,43875.9696143686,summer,6.25,5.63,8.5,8.6300000000000008,4.38,7.0,8.88,8.63,1.0,6.38,8.13,72.375
1908-01-01,London,Boxing,Boxing,"PHILO, William",Men,63.5 - 71.67KG (Middleweight),Bronze,United Kingdom,GBR,65138232.0,43875.9696143686,summer,6.25,5.63,8.5,8.6300000000000008,4.38,7.0,8.88,8.63,1.0,6.38,8.13,72.375
1908-01-01,London,Boxing,Boxing,"DOUGLAS, John William Henry T.",Men,63.5 - 71.67KG (Middleweight),Gold,United Kingdom,GBR,65138232.0,43875.9696143686,summer,6.25,5.63,8.5,8.6300000000000008,4.38,7.0,8.88,8.63,1.0,6.38,8.13,72.375
1908-01-01,London,Cycling,Cycling Track,"LAPIZE, Octave",Men,100KM,Bronze,France,FRA,66808385.0,36205.5681017036,summer,4.0,4.5,4.5,4.25,2.88,3.63,4.75,7.88,27.0,7.5,6.13,50.0
1908-01-01,London,Cycling,Cycling Track,"BARTLETT, Charles Henry",Men,100KM,Gold,United Kingdom,GBR,65138232.0,43875.9696143686,summer,4.0,4.5,4.5,4.25,2.88,3.63,4.75,7.88,27.0,7.5,6.13,50.0
1908-01-01,London,Cycling,Cycling Track,"DENNY, Arthur",Men,100KM,Silver,United Kingdom,GBR,65138232.0,43875.9696143686,summer,4.0,4.5,4.5,4.25,2.88,3.63,4.75,7.88,27.0,7.5,6.13,50.0
1908-01-01,London,Cycling,Cycling Track,"ANDERSON, William",Men,"1980 Yards Pursuit, Team",Bronze,Canada,CAN,35851774.0,43248.529909341,summer,4.0,4.5,4.5,4.25,2.88,3.63,4.75,7.88,27.0,7.5,6.13,50.0
1908-01-01,London,Cycling,Cycling Track,"ANDREWS, Walter",Men,"1980 Yards Pursuit, Team",Bronze,Canada,CAN,35851774.0,43248.529909341,summer,4.0,4.5,4.5,4.25,2.88,3.63,4.75,7.88,27.0,7.5,6.13,50.0
1908-01-01,London,Cycling,Cycling Track,"MCCARTHY, Frederick",Men,"1980 Yards Pursuit, Team",Bronze,Canada,CAN,35851774.0,43248.529909341,summer,4.0,4.5,4.5,4.25,2.88,3.63,4.75,7.88,27.0,7.5,6.13,50.0
1908-01-01,London,Cycling,Cycling Track,"MORTON, William",Men,"1980 Yards Pursuit, Team",Bronze,Canada,CAN,35851774.0,43248.529909341,summer,4.0,4.5,4.5,4.25,2.88,3.63,4.75,7.88,27.0,7.5,6.13,50.0
1908-01-01,London,Cycling,Cycling Track,"JONES, Benjamin",Men,"1980 Yards Pursuit, Team",Gold,United Kingdom,GBR,65138232.0,43875.9696143686,summer,4.0,4.5,4.5,4.25,2.88,3.63,4.75,7.88,27.0,7.5,6.13,50.0
1908-01-01,London,Cycling,Cycling Track,"KINGSBURY, Clarence Brickwood",Men,"1980 Yards Pursuit, Team",Gold,United Kingdom,GBR,65138232.0,43875.9696143686,summer,4.0,4.5,4.5,4.25,2.88,3.63,4.75,7.88,27.0,7.5,6.13,50.0
1908-01-01,London,Cycling,Cycling Track,"MEREDITH, Leonard Lewis",Men,"1980 Yards Pursuit, Team",Gold,United Kingdom,GBR,65138232.0,43875.9696143686,summer,4.0,4.5,4.5,4.25,2.88,3.63,4.75,7.88,27.0,7.5,6.13,50.0
1908-01-01,London,Cycling,Cycling Track,"PAYNE, Ernest",Men,"1980 Yards Pursuit, Team",Gold,United Kingdom,GBR,65138232.0,43875.9696143686,summer,4.0,4.5,4.5,4.25,2.88,3.63,4.75,7.88,27.0,7.5,6.13,50.0
1908-01-01,London,Cycling,Cycling Track,"GÖTZE, Max",Men,"1980 Yards Pursuit, Team",Silver,Germany,GER,81413145.0,41313.3139945434,summer,4.0,4.5,4.5,4.25,2.88,3.63,4.75,7.88,27.0,7.5,6.13,50.0
1908-01-01,London,Cycling,Cycling Track,"KATZER, Rudolf",Men,"1980 Yards Pursuit, Team",Silver,Germany,GER,81413145.0,41313.3139945434,summer,4.0,4.5,4.5,4.25,2.88,3.63,4.75,7.88,27.0,7.5,6.13,50.0
1908-01-01,London,Cycling,Cycling Track,"MARTENS, Herman",Men,"1980 Yards Pursuit, Team",Silver,Germany,GER,81413145.0,41313.3139945434,summer,4.0,4.5,4.5,4.25,2.88,3.63,4.75,7.88,27.0,7.5,6.13,50.0
1908-01-01,London,Cycling,Cycling Track,"NEUMER, Karl",Men,"1980 Yards Pursuit, Team",Silver,Germany,GER,81413145.0,41313.3139945434,summer,4.0,4.5,4.5,4.25,2.88,3.63,4.75,7.88,27.0,7.5,6.13,50.0
1908-01-01,London,Cycling,Cycling Track,"BROOKS, Colin",Men,2000M Tandem,Bronze,United Kingdom,GBR,65138232.0,43875.9696143686,summer,4.0,4.5,4.5,4.25,2.88,3.63,4.75,7.88,27.0,7.5,6.13,50.0
1908-01-01,London,Cycling,Cycling Track,"ISAACS, Walter H.T.",Men,2000M Tandem,Bronze,United Kingdom,GBR,65138232.0,43875.9696143686,summer,4.0,4.5,4.5,4.25,2.88,3.63,4.75,7.88,27.0,7.5,6.13,50.0
1908-01-01,London,Cycling,Cycling Track,"AUFFRAY, André",Men,2000M Tandem,Gold,France,FRA,66808385.0,36205.5681017036,summer,4.0,4.5,4.5,4.25,2.88,3.63,4.75,7.88,27.0,7.5,6.13,50.0
1908-01-01,London,Cycling,Cycling Track,"SCHILLES, Maurice",Men,2000M Tandem,Gold,France,FRA,66808385.0,36205.5681017036,summer,4.0,4.5,4.5,4.25,2.88,3.63,4.75,7.88,27.0,7.5,6.13,50.0
1908-01-01,London,Cycling,Cycling Track,"HAMLIN, Frederick G.",Men,2000M Tandem,Silver,United Kingdom,GBR,65138232.0,43875.9696143686,summer,4.0,4.5,4.5,4.25,2.88,3.63,4.75,7.88,27.0,7.5,6.13,50.0
1908-01-01,London,Cycling,Cycling Track,"JOHNSON, Horace Thomas",Men,2000M Tandem,Silver,United Kingdom,GBR,65138232.0,43875.9696143686,summer,4.0,4.5,4.5,4.25,2.88,3.63,4.75,7.88,27.0,7.5,6.13,50.0
1908-01-01,London,Cycling,Cycling Track,"WERBROECK, Joseph",Men,20KM,Bronze,Belgium,BEL,11285721.0,40324.0277657215,summer,4.0,4.5,4.5,4.25,2.88,3.63,4.75,7.88,27.0,7.5,6.13,50.0
1908-01-01,London,Cycling,Cycling Track,"KINGSBURY, Clarence Brickwood",Men,20KM,Gold,United Kingdom,GBR,65138232.0,43875.9696143686,summer,4.0,4.5,4.5,4.25,2.88,3.63,4.75,7.88,27.0,7.5,6.13,50.0
1908-01-01,London,Cycling,Cycling Track,"JONES, Benjamin",Men,20KM,Silver,United Kingdom,GBR,65138232.0,43875.9696143686,summer,4.0,4.5,4.5,4.25,2.88,3.63,4.75,7.88,27.0,7.5,6.13,50.0
1908-01-01,London,Cycling,Cycling Track,"AUFFRAY, André",Men,5000M,Bronze,France,FRA,66808385.0,36205.5681017036,summer,4.0,4.5,4.5,4.25,2.88,3.63,4.75,7.88,27.0,7.5,6.13,50.0
1908-01-01,London,Cycling,Cycling Track,"JONES, Benjamin",Men,5000M,Gold,United Kingdom,GBR,65138232.0,43875.9696143686,summer,4.0,4.5,4.5,4.25,2.88,3.63,4.75,7.88,27.0,7.5,6.13,50.0
1908-01-01,London,Cycling,Cycling Track,"SCHILLES, Maurice",Men,5000M,Silver,France,FRA,66808385.0,36205.5681017036,summer,4.0,4.5,4.5,4.25,2.88,3.63,4.75,7.88,27.0,7.5,6.13,50.0
1908-01-01,London,Cycling,Cycling Track,"NEUMER, Karl",Men,One Lap (660Y) Sprint,Bronze,Germany,GER,81413145.0,41313.3139945434,summer,4.0,4.5,4.5,4.25,2.88,3.63,4.75,7.88,27.0,7.5,6.13,50.0
1908-01-01,London,Cycling,Cycling Track,"JOHNSON, Victor Louis",Men,One Lap (660Y) Sprint,Gold,United Kingdom,GBR,65138232.0,43875.9696143686,summer,4.0,4.5,4.5,4.25,2.88,3.63,4.75,7.88,27.0,7.5,6.13,50.0
1908-01-01,London,Cycling,Cycling Track,"DEMANGEL, Emile",Men,One Lap (660Y) Sprint,Silver,France,FRA,66808385.0,36205.5681017036,summer,4.0,4.5,4.5,4.25,2.88,3.63,4.75,7.88,27.0,7.5,6.13,50.0
1908-01-01,London,Fencing,Fencing,"OLIVIER, Eugène Victor",Men,Épée Individual,Bronze,France,FRA,66808385.0,36205.5681017036,summer,6.13,6.88,4.25,4.63,5.63,7.25,4.88,4.25,24.0,5.13,3.75,52.75
1908-01-01,London,Fencing,Fencing,"ALIBERT, Gaston",Men,Épée Individual,Gold,France,FRA,66808385.0,36205.5681017036,summer,6.13,6.88,4.25,4.63,5.63,7.25,4.88,4.25,24.0,5.13,3.75,52.75
1908-01-01,London,Fencing,Fencing,"LIPPMANN, Alexandre",Men,Épée Individual,Silver,France,FRA,66808385.0,36205.5681017036,summer,6.13,6.88,4.25,4.63,5.63,7.25,4.88,4.25,24.0,5.13,3.75,52.75
1908-01-01,London,Fencing,Fencing,"ANSPACH, Paul",Men,Épée Team,Bronze,Belgium,BEL,11285721.0,40324.0277657215,summer,6.13,6.88,4.25,4.63,5.63,7.25,4.88,4.25,24.0,5.13,3.75,52.75
1908-01-01,London,Fencing,Fencing,"BEURAIN, Désiré",Men,Épée Team,Bronze,Belgium,BEL,11285721.0,40324.0277657215,summer,6.13,6.88,4.25,4.63,5.63,7.25,4.88,4.25,24.0,5.13,3.75,52.75
1908-01-01,London,Fencing,Fencing,"DE MONTIGNY, Fernand",Men,Épée Team,Bronze,Belgium,BEL,11285721.0,40324.0277657215,summer,6.13,6.88,4.25,4.63,5.63,7.25,4.88,4.25,24.0,5.13,3.75,52.75
1908-01-01,London,Fencing,Fencing,"FEYERICK, Ferdinand",Men,Épée Team,Bronze,Belgium,BEL,11285721.0,40324.0277657215,summer,6.13,6.88,4.25,4.63,5.63,7.25,4.88,4.25,24.0,5.13,3.75,52.75
1908-01-01,London,Fencing,Fencing,"ROM, François",Men,Épée Team,Bronze,Belgium,BEL,11285721.0,40324.0277657215,summer,6.13,6.88,4.25,4.63,5.63,7.25,4.88,4.25,24.0,5.13,3.75,52.75
1908-01-01,London,Fencing,Fencing,"ALIBERT, Gaston",Men,Épée Team,Gold,France,FRA,66808385.0,36205.5681017036,summer,6.13,6.88,4.25,4.63,5.63,7.25,4.88,4.25,24.0,5.13,3.75,52.75
1908-01-01,London,Fencing,Fencing,"BERGER, Henri-Georges",Men,Épée Team,Gold,France,FRA,66808385.0,36205.5681017036,summer,6.13,6.88,4.25,4.63,5.63,7.25,4.88,4.25,24.0,5.13,3.75,52.75
1908-01-01,London,Fencing,Fencing,"COLLIGNON, Charles",Men,Épée Team,Gold,France,FRA,66808385.0,36205.5681017036,summer,6.13,6.88,4.25,4.63,5.63,7.25,4.88,4.25,24.0,5.13,3.75,52.75
1908-01-01,London,Fencing,Fencing,"OLIVIER, Eugène Victor",Men,Épée Team,Gold,France,FRA,66808385.0,36205.5681017036,summer,6.13,6.88,4.25,4.63,5.63,7.25,4.88,4.25,24.0,5.13,3.75,52.75
1908-01-01,London,Fencing,Fencing,"DANIELL, Charles Leaf",Men,Épée Team,Silver,United Kingdom,GBR,65138232.0,43875.9696143686,summer,6.13,6.88,4.25,4.63,5.63,7.25,4.88,4.25,24.0,5.13,3.75,52.75
1908-01-01,London,Fencing,Fencing,"HAIG, Cecil Henry",Men,Épée Team,Silver,United Kingdom,GBR,65138232.0,43875.9696143686,summer,6.13,6.88,4.25,4.63,5.63,7.25,4.88,4.25,24.0,5.13,3.75,52.75
1908-01-01,London,Fencing,Fencing,"HOLT, Martin Drummond",Men,Épée Team,Silver,United Kingdom,GBR,65138232.0,43875.9696143686,summer,6.13,6.88,4.25,4.63,5.63,7.25,4.88,4.25,24.0,5.13,3.75,52.75
1908-01-01,London,Fencing,Fencing,"MONTGOMERIE, Robert Cecil",Men,Épée Team,Silver,United Kingdom,GBR,65138232.0,43875.9696143686,summer,6.13,6.88,4.25,4.63,5.63,7.25,4.88,4.25,24.0,5.13,3.75,52.75
1908-01-01,London,Fencing,Fencing,"FUCHS, Jenö",Men,Sabre Individual,Gold,Hungary,HUN,9844686.0,12363.543459653898,summer,6.13,6.88,4.25,4.63,5.63,7.25,4.88,4.25,24.0,5.13,3.75,52.75
1908-01-01,London,Fencing,Fencing,"ZULAWSKY, Béla",Men,Sabre Individual,Silver,Hungary,HUN,9844686.0,12363.543459653898,summer,6.13,6.88,4.25,4.63,5.63,7.25,4.88,4.25,24.0,5.13,3.75,52.75
1908-01-01,London,Fencing,Fencing,"FUCHS, Jenö",Men,Sabre Team,Gold,Hungary,HUN,9844686.0,12363.543459653898,summer,6.13,6.88,4.25,4.63,5.63,7.25,4.88,4.25,24.0,5.13,3.75,52.75
1908-01-01,London,Fencing,Fencing,"GERDE, Oskar",Men,Sabre Team,Gold,Hungary,HUN,9844686.0,12363.543459653898,summer,6.13,6.88,4.25,4.63,5.63,7.25,4.88,4.25,24.0,5.13,3.75,52.75
1908-01-01,London,Fencing,Fencing,"TOTH, Peter",Men,Sabre Team,Gold,Hungary,HUN,9844686.0,12363.543459653898,summer,6.13,6.88,4.25,4.63,5.63,7.25,4.88,4.25,24.0,5.13,3.75,52.75
1908-01-01,London,Fencing,Fencing,"WERKNER, Lajos",Men,Sabre Team,Gold,Hungary,HUN,9844686.0,12363.543459653898,summer,6.13,6.88,4.25,4.63,5.63,7.25,4.88,4.25,24.0,5.13,3.75,52.75
1908-01-01,London,Fencing,Fencing,"BERTINETTI, Marcello",Men,Sabre Team,Silver,Italy,ITA,60802085.0,29957.804315437203,summer,6.13,6.88,4.25,4.63,5.63,7.25,4.88,4.25,24.0,5.13,3.75,52.75
1908-01-01,London,Fencing,Fencing,"NOWAK, Riccardo",Men,Sabre Team,Silver,Italy,ITA,60802085.0,29957.804315437203,summer,6.13,6.88,4.25,4.63,5.63,7.25,4.88,4.25,24.0,5.13,3.75,52.75
1908-01-01,London,Fencing,Fencing,"OLIVIER, Abelardo",Men,Sabre Team,Silver,Italy,ITA,60802085.0,29957.804315437203,summer,6.13,6.88,4.25,4.63,5.63,7.25,4.88,4.25,24.0,5.13,3.75,52.75
1908-01-01,London,Fencing,Fencing,"PIRZIO BIROLI, Alessandro",Men,Sabre Team,Silver,Italy,ITA,60802085.0,29957.804315437203,summer,6.13,6.88,4.25,4.63,5.63,7.25,4.88,4.25,24.0,5.13,3.75,52.75
1908-01-01,London,Football,Football,"BREUWKES, Reinier Bertus",Men,Football,Bronze,Netherlands,NED,16936520.0,44299.768085382995,summer,8.25,7.5,6.25,7.75,4.75,6.5,3.63,5.13,10.0,7.25,4.5,61.5
1908-01-01,London,Football,Football,"DE BRUYN KOPS, George François",Men,Football,Bronze,Netherlands,NED,16936520.0,44299.768085382995,summer,8.25,7.5,6.25,7.75,4.75,6.5,3.63,5.13,10.0,7.25,4.5,61.5
1908-01-01,London,Football,Football,"DE KORVER, Johannes Marius",Men,Football,Bronze,Netherlands,NED,16936520.0,44299.768085382995,summer,8.25,7.5,6.25,7.75,4.75,6.5,3.63,5.13,10.0,7.25,4.5,61.5
1908-01-01,London,Football,Football,"HEIJTING, Karel",Men,Football,Bronze,Netherlands,NED,16936520.0,44299.768085382995,summer,8.25,7.5,6.25,7.75,4.75,6.5,3.63,5.13,10.0,7.25,4.5,61.5
1908-01-01,London,Football,Football,"MUNDT, Emil Gustav",Men,Football,Bronze,Netherlands,NED,16936520.0,44299.768085382995,summer,8.25,7.5,6.25,7.75,4.75,6.5,3.63,5.13,10.0,7.25,4.5,61.5
1908-01-01,London,Football,Football,"OTTEN, Lou",Men,Football,Bronze,Netherlands,NED,16936520.0,44299.768085382995,summer,8.25,7.5,6.25,7.75,4.75,6.5,3.63,5.13,10.0,7.25,4.5,61.5
1908-01-01,London,Football,Football,"REEMAN, Gerald Simon",Men,Football,Bronze,Netherlands,NED,16936520.0,44299.768085382995,summer,8.25,7.5,6.25,7.75,4.75,6.5,3.63,5.13,10.0,7.25,4.5,61.5
1908-01-01,London,Football,Football,"SNETLAGE, Eduard",Men,Football,Bronze,Netherlands,NED,16936520.0,44299.768085382995,summer,8.25,7.5,6.25,7.75,4.75,6.5,3.63,5.13,10.0,7.25,4.5,61.5
1908-01-01,London,Football,Football,"SOL, Johan Eduard",Men,Football,Bronze,Netherlands,NED,16936520.0,44299.768085382995,summer,8.25,7.5,6.25,7.75,4.75,6.5,3.63,5.13,10.0,7.25,4.5,61.5
1908-01-01,London,Football,Football,"THOMEE, Jan",Men,Football,Bronze,Netherlands,NED,16936520.0,44299.768085382995,summer,8.25,7.5,6.25,7.75,4.75,6.5,3.63,5.13,10.0,7.25,4.5,61.5
1908-01-01,London,Football,Football,"WELCKER, Jan Herman",Men,Football,Bronze,Netherlands,NED,16936520.0,44299.768085382995,summer,8.25,7.5,6.25,7.75,4.75,6.5,3.63,5.13,10.0,7.25,4.5,61.5
1908-01-01,London,Football,Football,"BAILEY, Horace Peter",Men,Football,Gold,United Kingdom,GBR,65138232.0,43875.9696143686,summer,8.25,7.5,6.25,7.75,4.75,6.5,3.63,5.13,10.0,7.25,4.5,61.5
1908-01-01,London,Football,Football,"BERRY, Arthur",Men,Football,Gold,United Kingdom,GBR,65138232.0,43875.9696143686,summer,8.25,7.5,6.25,7.75,4.75,6.5,3.63,5.13,10.0,7.25,4.5,61.5
1908-01-01,London,Football,Football,"CHAPMAN, Frederick William",Men,Football,Gold,United Kingdom,GBR,65138232.0,43875.9696143686,summer,8.25,7.5,6.25,7.75,4.75,6.5,3.63,5.13,10.0,7.25,4.5,61.5
1908-01-01,London,Football,Football,"CORBETT, Walter Samuel",Men,Football,Gold,United Kingdom,GBR,65138232.0,43875.9696143686,summer,8.25,7.5,6.25,7.75,4.75,6.5,3.63,5.13,10.0,7.25,4.5,61.5
1908-01-01,London,Football,Football,"HARDMAN, Harold Payne",Men,Football,Gold,United Kingdom,GBR,65138232.0,43875.9696143686,summer,8.25,7.5,6.25,7.75,4.75,6.5,3.63,5.13,10.0,7.25,4.5,61.5
1908-01-01,London,Football,Football,"HAWKES, Robert Murray",Men,Football,Gold,United Kingdom,GBR,65138232.0,43875.9696143686,summer,8.25,7.5,6.25,7.75,4.75,6.5,3.63,5.13,10.0,7.25,4.5,61.5
1908-01-01,London,Football,Football,"HUNT, Kenneth Reginald Gunnery",Men,Football,Gold,United Kingdom,GBR,65138232.0,43875.9696143686,summer,8.25,7.5,6.25,7.75,4.75,6.5,3.63,5.13,10.0,7.25,4.5,61.5
1908-01-01,London,Football,Football,"PURNELL, Clyde Honeysett",Men,Football,Gold,United Kingdom,GBR,65138232.0,43875.9696143686,summer,8.25,7.5,6.25,7.75,4.75,6.5,3.63,5.13,10.0,7.25,4.5,61.5
1908-01-01,London,Football,Football,"SMITH, Herbert",Men,Football,Gold,United Kingdom,GBR,65138232.0,43875.9696143686,summer,8.25,7.5,6.25,7.75,4.75,6.5,3.63,5.13,10.0,7.25,4.5,61.5
1908-01-01,London,Football,Football,"STAPLEY, Henry",Men,Football,Gold,United Kingdom,GBR,65138232.0,43875.9696143686,summer,8.25,7.5,6.25,7.75,4.75,6.5,3.63,5.13,10.0,7.25,4.5,61.5
1908-01-01,London,Football,Football,"WOODWARD, Vivian John",Men,Football,Gold,United Kingdom,GBR,65138232.0,43875.9696143686,summer,8.25,7.5,6.25,7.75,4.75,6.5,3.63,5.13,10.0,7.25,4.5,61.5
1908-01-01,London,Football,Football,"BOHR, Harald August",Men,Football,Silver,Denmark,DEN,5676002.0,51989.2934712354,summer,8.25,7.5,6.25,7.75,4.75,6.5,3.63,5.13,10.0,7.25,4.5,61.5
1908-01-01,London,Football,Football,"BUCHWALD, Charles",Men,Football,Silver,Denmark,DEN,5676002.0,51989.2934712354,summer,8.25,7.5,6.25,7.75,4.75,6.5,3.63,5.13,10.0,7.25,4.5,61.5
1908-01-01,London,Football,Football,"DRESCHER, Ludwig",Men,Football,Silver,Denmark,DEN,5676002.0,51989.2934712354,summer,8.25,7.5,6.25,7.75,4.75,6.5,3.63,5.13,10.0,7.25,4.5,61.5
1908-01-01,London,Football,Football,"HANSEN, Harald",Men,Football,Silver,Denmark,DEN,5676002.0,51989.2934712354,summer,8.25,7.5,6.25,7.75,4.75,6.5,3.63,5.13,10.0,7.25,4.5,61.5
1908-01-01,London,Football,Football,"LINDGREEN, August Ludwig",Men,Football,Silver,Denmark,DEN,5676002.0,51989.2934712354,summer,8.25,7.5,6.25,7.75,4.75,6.5,3.63,5.13,10.0,7.25,4.5,61.5
1908-01-01,London,Football,Football,"MIDDELBOE, Christian",Men,Football,Silver,Denmark,DEN,5676002.0,51989.2934712354,summer,8.25,7.5,6.25,7.75,4.75,6.5,3.63,5.13,10.0,7.25,4.5,61.5
1908-01-01,London,Football,Football,"MIDDELBOE, Niels",Men,Football,Silver,Denmark,DEN,5676002.0,51989.2934712354,summer,8.25,7.5,6.25,7.75,4.75,6.5,3.63,5.13,10.0,7.25,4.5,61.5
1908-01-01,London,Football,Football,"NIELSEN, Niels Oscar",Men,Football,Silver,Denmark,DEN,5676002.0,51989.2934712354,summer,8.25,7.5,6.25,7.75,4.75,6.5,3.63,5.13,10.0,7.25,4.5,61.5
1908-01-01,London,Football,Football,"NIELSEN, Sofus Erhard",Men,Football,Silver,Denmark,DEN,5676002.0,51989.2934712354,summer,8.25,7.5,6.25,7.75,4.75,6.5,3.63,5.13,10.0,7.25,4.5,61.5
1908-01-01,London,Football,Football,"RASMUSSEN, Björn Vilhelm Ravn",Men,Football,Silver,Denmark,DEN,5676002.0,51989.2934712354,summer,8.25,7.5,6.25,7.75,4.75,6.5,3.63,5.13,10.0,7.25,4.5,61.5
1908-01-01,London,Football,Football,"WOLFHAGEN, Vilhelm",Men,Football,Silver,Denmark,DEN,5676002.0,51989.2934712354,summer,8.25,7.5,6.25,7.75,4.75,6.5,3.63,5.13,10.0,7.25,4.5,61.5
1908-01-01,London,Hockey,Hockey,"BAILLON, Louischarles",Men,Hockey,Gold,United Kingdom,GBR,65138232.0,43875.9696143686,summer,5.75,6.5,5.0,6.75,4.63,6.63,3.75,5.38,17.0,6.0,4.5,54.875
1908-01-01,London,Hockey,Hockey,"FREEMAN, Harry Scott",Men,Hockey,Gold,United Kingdom,GBR,65138232.0,43875.9696143686,summer,5.75,6.5,5.0,6.75,4.63,6.63,3.75,5.38,17.0,6.0,4.5,54.875
1908-01-01,London,Hockey,Hockey,"GREEN, Eric Hubert",Men,Hockey,Gold,United Kingdom,GBR,65138232.0,43875.9696143686,summer,5.75,6.5,5.0,6.75,4.63,6.63,3.75,5.38,17.0,6.0,4.5,54.875
1908-01-01,London,Hockey,Hockey,"LOGAN, Gerald",Men,Hockey,Gold,United Kingdom,GBR,65138232.0,43875.9696143686,summer,5.75,6.5,5.0,6.75,4.63,6.63,3.75,5.38,17.0,6.0,4.5,54.875
1908-01-01,London,Hockey,Hockey,"NOBLE, Alan H.",Men,Hockey,Gold,United Kingdom,GBR,65138232.0,43875.9696143686,summer,5.75,6.5,5.0,6.75,4.63,6.63,3.75,5.38,17.0,6.0,4.5,54.875
1908-01-01,London,Hockey,Hockey,"PAGE, Edgar Wells",Men,Hockey,Gold,United Kingdom,GBR,65138232.0,43875.9696143686,summer,5.75,6.5,5.0,6.75,4.63,6.63,3.75,5.38,17.0,6.0,4.5,54.875
1908-01-01,London,Hockey,Hockey,"PRIDMORE, Reginald Geoge",Men,Hockey,Gold,United Kingdom,GBR,65138232.0,43875.9696143686,summer,5.75,6.5,5.0,6.75,4.63,6.63,3.75,5.38,17.0,6.0,4.5,54.875
1908-01-01,London,Hockey,Hockey,"REES, Percy Montague",Men,Hockey,Gold,United Kingdom,GBR,65138232.0,43875.9696143686,summer,5.75,6.5,5.0,6.75,4.63,6.63,3.75,5.38,17.0,6.0,4.5,54.875
1908-01-01,London,Hockey,Hockey,"ROBINSON, John Yate",Men,Hockey,Gold,United Kingdom,GBR,65138232.0,43875.9696143686,summer,5.75,6.5,5.0,6.75,4.63,6.63,3.75,5.38,17.0,6.0,4.5,54.875
1908-01-01,London,Hockey,Hockey,"SHOVELLER, Stanley Howard",Men,Hockey,Gold,United Kingdom,GBR,65138232.0,43875.9696143686,summer,5.75,6.5,5.0,6.75,4.63,6.63,3.75,5.38,17.0,6.0,4.5,54.875
1908-01-01,London,Hockey,Hockey,"WOOD, Harvey Jesse",Men,Hockey,Gold,United Kingdom,GBR,65138232.0,43875.9696143686,summer,5.75,6.5,5.0,6.75,4.63,6.63,3.75,5.38,17.0,6.0,4.5,54.875
1908-01-01,London,Hockey,Hockey,"ALLMAN-SMITH, Eric Percival",Men,Hockey,Silver,United Kingdom,GBR,65138232.0,43875.9696143686,summer,5.75,6.5,5.0,6.75,4.63,6.63,3.75,5.38,17.0,6.0,4.5,54.875
1908-01-01,London,Hockey,Hockey,"BROWN, Henry Joseph",Men,Hockey,Silver,United Kingdom,GBR,65138232.0,43875.9696143686,summer,5.75,6.5,5.0,6.75,4.63,6.63,3.75,5.38,17.0,6.0,4.5,54.875
1908-01-01,London,Hockey,Hockey,"CAMPBELL, Walter Islay",Men,Hockey,Silver,United Kingdom,GBR,65138232.0,43875.9696143686,summer,5.75,6.5,5.0,6.75,4.63,6.63,3.75,5.38,17.0,6.0,4.5,54.875
1908-01-01,London,Hockey,Hockey,"GRAHAM, William Ernest",Men,Hockey,Silver,United Kingdom,GBR,65138232.0,43875.9696143686,summer,5.75,6.5,5.0,6.75,4.63,6.63,3.75,5.38,17.0,6.0,4.5,54.875
1908-01-01,London,Hockey,Hockey,"GREGG, Richard George",Men,Hockey,Silver,United Kingdom,GBR,65138232.0,43875.9696143686,summer,5.75,6.5,5.0,6.75,4.63,6.63,3.75,5.38,17.0,6.0,4.5,54.875
1908-01-01,London,Hockey,Hockey,"HOLMES, Edgar Peter C.",Men,Hockey,Silver,United Kingdom,GBR,65138232.0,43875.9696143686,summer,5.75,6.5,5.0,6.75,4.63,6.63,3.75,5.38,17.0,6.0,4.5,54.875
1908-01-01,London,Hockey,Hockey,"KENNEDY, Robert L.",Men,Hockey,Silver,United Kingdom,GBR,65138232.0,43875.9696143686,summer,5.75,6.5,5.0,6.75,4.63,6.63,3.75,5.38,17.0,6.0,4.5,54.875
1908-01-01,London,Hockey,Hockey,"MURPHY, Henry Lawson",Men,Hockey,Silver,United Kingdom,GBR,65138232.0,43875.9696143686,summer,5.75,6.5,5.0,6.75,4.63,6.63,3.75,5.38,17.0,6.0,4.5,54.875
1908-01-01,London,Hockey,Hockey,"PETERSON, Walter E.",Men,Hockey,Silver,United Kingdom,GBR,65138232.0,43875.9696143686,summer,5.75,6.5,5.0,6.75,4.63,6.63,3.75,5.38,17.0,6.0,4.5,54.875
1908-01-01,London,Hockey,Hockey,"POWER, Charles F.",Men,Hockey,Silver,United Kingdom,GBR,65138232.0,43875.9696143686,summer,5.75,6.5,5.0,6.75,4.63,6.63,3.75,5.38,17.0,6.0,4.5,54.875
1908-01-01,London,Hockey,Hockey,"ROBINSON, Frank L.",Men,Hockey,Silver,United Kingdom,GBR,65138232.0,43875.9696143686,summer,5.75,6.5,5.0,6.75,4.63,6.63,3.75,5.38,17.0,6.0,4.5,54.875
1908-01-01,London,Lacrosse,Lacrosse,"BRENNAN, Patrick",Men,Lacrosse,Gold,Canada,CAN,35851774.0,43248.529909341,summer,6.63,6.88,6.13,6.63,4.75,7.13,4.38,5.75,14.0,7.0,5.13,60.375
1908-01-01,London,Lacrosse,Lacrosse,"BRODERICK, John",Men,Lacrosse,Gold,Canada,CAN,35851774.0,43248.529909341,summer,6.63,6.88,6.13,6.63,4.75,7.13,4.38,5.75,14.0,7.0,5.13,60.375
1908-01-01,London,Lacrosse,Lacrosse,"CAMPBELL, George H.",Men,Lacrosse,Gold,Canada,CAN,35851774.0,43248.529909341,summer,6.63,6.88,6.13,6.63,4.75,7.13,4.38,5.75,14.0,7.0,5.13,60.375
1908-01-01,London,Lacrosse,Lacrosse,"DILLON, Angus F.",Men,Lacrosse,Gold,Canada,CAN,35851774.0,43248.529909341,summer,6.63,6.88,6.13,6.63,4.75,7.13,4.38,5.75,14.0,7.0,5.13,60.375
1908-01-01,London,Lacrosse,Lacrosse,"DIXON, Frank J.",Men,Lacrosse,Gold,Canada,CAN,35851774.0,43248.529909341,summer,6.63,6.88,6.13,6.63,4.75,7.13,4.38,5.75,14.0,7.0,5.13,60.375
1908-01-01,London,Lacrosse,Lacrosse,"DUCKETT, Richard Louis",Men,Lacrosse,Gold,Canada,CAN,35851774.0,43248.529909341,summer,6.63,6.88,6.13,6.63,4.75,7.13,4.38,5.75,14.0,7.0,5.13,60.375
1908-01-01,London,Lacrosse,Lacrosse,"FYON, J.",Men,Lacrosse,Gold,Canada,CAN,35851774.0,43248.529909341,summer,6.63,6.88,6.13,6.63,4.75,7.13,4.38,5.75,14.0,7.0,5.13,60.375
1908-01-01,London,Lacrosse,Lacrosse,"GORMAN, Thomas Patrick",Men,Lacrosse,Gold,Canada,CAN,35851774.0,43248.529909341,summer,6.63,6.88,6.13,6.63,4.75,7.13,4.38,5.75,14.0,7.0,5.13,60.375
1908-01-01,London,Lacrosse,Lacrosse,"HAMILTON, Ernest",Men,Lacrosse,Gold,Canada,CAN,35851774.0,43248.529909341,summer,6.63,6.88,6.13,6.63,4.75,7.13,4.38,5.75,14.0,7.0,5.13,60.375
1908-01-01,London,Lacrosse,Lacrosse,"HOOBIN, Henry Frank",Men,Lacrosse,Gold,Canada,CAN,35851774.0,43248.529909341,summer,6.63,6.88,6.13,6.63,4.75,7.13,4.38,5.75,14.0,7.0,5.13,60.375
1908-01-01,London,Lacrosse,Lacrosse,"MARA, A.",Men,Lacrosse,Gold,Canada,CAN,35851774.0,43248.529909341,summer,6.63,6.88,6.13,6.63,4.75,7.13,4.38,5.75,14.0,7.0,5.13,60.375
1908-01-01,London,Lacrosse,Lacrosse,"MCKERROW, Clarence D.",Men,Lacrosse,Gold,Canada,CAN,35851774.0,43248.529909341,summer,6.63,6.88,6.13,6.63,4.75,7.13,4.38,5.75,14.0,7.0,5.13,60.375
1908-01-01,London,Lacrosse,Lacrosse,"MCLEOD, D.",Men,Lacrosse,Gold,Canada,CAN,35851774.0,43248.529909341,summer,6.63,6.88,6.13,6.63,4.75,7.13,4.38,5.75,14.0,7.0,5.13,60.375
1908-01-01,London,Lacrosse,Lacrosse,"RENNIE, George H.",Men,Lacrosse,Gold,Canada,CAN,35851774.0,43248.529909341,summer,6.63,6.88,6.13,6.63,4.75,7.13,4.38,5.75,14.0,7.0,5.13,60.375
1908-01-01,London,Lacrosse,Lacrosse,"TURNBULL, Alexander T.",Men,Lacrosse,Gold,Canada,CAN,35851774.0,43248.529909341,summer,6.63,6.88,6.13,6.63,4.75,7.13,4.38,5.75,14.0,7.0,5.13,60.375
1908-01-01,London,Lacrosse,Lacrosse,"ALEXANDER, Gustav Bernhard",Men,Lacrosse,Silver,United Kingdom,GBR,65138232.0,43875.9696143686,summer,6.63,6.88,6.13,6.63,4.75,7.13,4.38,5.75,14.0,7.0,5.13,60.375
1908-01-01,London,Lacrosse,Lacrosse,"ALEXANDER, J.",Men,Lacrosse,Silver,United Kingdom,GBR,65138232.0,43875.9696143686,summer,6.63,6.88,6.13,6.63,4.75,7.13,4.38,5.75,14.0,7.0,5.13,60.375
1908-01-01,London,Lacrosse,Lacrosse,"BLOCKEY, L.",Men,Lacrosse,Silver,United Kingdom,GBR,65138232.0,43875.9696143686,summer,6.63,6.88,6.13,6.63,4.75,7.13,4.38,5.75,14.0,7.0,5.13,60.375
1908-01-01,London,Lacrosse,Lacrosse,"BUCKLAND, Gerald Frederick",Men,Lacrosse,Silver,United Kingdom,GBR,65138232.0,43875.9696143686,summer,6.63,6.88,6.13,6.63,4.75,7.13,4.38,5.75,14.0,7.0,5.13,60.375
1908-01-01,London,Lacrosse,Lacrosse,"DUTTON, E.O.",Men,Lacrosse,Silver,United Kingdom,GBR,65138232.0,43875.9696143686,summer,6.63,6.88,6.13,6.63,4.75,7.13,4.38,5.75,14.0,7.0,5.13,60.375
1908-01-01,London,Lacrosse,Lacrosse,"GILBEY, V.G.",Men,Lacrosse,Silver,United Kingdom,GBR,65138232.0,43875.9696143686,summer,6.63,6.88,6.13,6.63,4.75,7.13,4.38,5.75,14.0,7.0,5.13,60.375
1908-01-01,London,Lacrosse,Lacrosse,"HAYES, S.N.",Men,Lacrosse,Silver,United Kingdom,GBR,65138232.0,43875.9696143686,summer,6.63,6.88,6.13,6.63,4.75,7.13,4.38,5.75,14.0,7.0,5.13,60.375
1908-01-01,London,Lacrosse,Lacrosse,"JOHNSON, F.S.",Men,Lacrosse,Silver,United Kingdom,GBR,65138232.0,43875.9696143686,summer,6.63,6.88,6.13,6.63,4.75,7.13,4.38,5.75,14.0,7.0,5.13,60.375
1908-01-01,London,Lacrosse,Lacrosse,"JOHNSON, William Athelstan",Men,Lacrosse,Silver,United Kingdom,GBR,65138232.0,43875.9696143686,summer,6.63,6.88,6.13,6.63,4.75,7.13,4.38,5.75,14.0,7.0,5.13,60.375
1908-01-01,London,Lacrosse,Lacrosse,"JONES, Edward Percy",Men,Lacrosse,Silver,United Kingdom,GBR,65138232.0,43875.9696143686,summer,6.63,6.88,6.13,6.63,4.75,7.13,4.38,5.75,14.0,7.0,5.13,60.375
1908-01-01,London,Lacrosse,Lacrosse,"MARTIN, R.G.W.",Men,Lacrosse,Silver,United Kingdom,GBR,65138232.0,43875.9696143686,summer,6.63,6.88,6.13,6.63,4.75,7.13,4.38,5.75,14.0,7.0,5.13,60.375
1908-01-01,London,Lacrosse,Lacrosse,"MASON, G.",Men,Lacrosse,Silver,United Kingdom,GBR,65138232.0,43875.9696143686,summer,6.63,6.88,6.13,6.63,4.75,7.13,4.38,5.75,14.0,7.0,5.13,60.375
1908-01-01,London,Lacrosse,Lacrosse,"MASON, G.J.",Men,Lacrosse,Silver,United Kingdom,GBR,65138232.0,43875.9696143686,summer,6.63,6.88,6.13,6.63,4.75,7.13,4.38,5.75,14.0,7.0,5.13,60.375
1908-01-01,London,Lacrosse,Lacrosse,"PARKER-SMITH, J.",Men,Lacrosse,Silver,United Kingdom,GBR,65138232.0,43875.9696143686,summer,6.63,6.88,6.13,6.63,4.75,7.13,4.38,5.75,14.0,7.0,5.13,60.375
1908-01-01,London,Lacrosse,Lacrosse,"RAMSEY, H.W.",Men,Lacrosse,Silver,United Kingdom,GBR,65138232.0,43875.9696143686,summer,6.63,6.88,6.13,6.63,4.75,7.13,4.38,5.75,14.0,7.0,5.13,60.375
1908-01-01,London,Lacrosse,Lacrosse,"SCOTT, Charles Hubert",Men,Lacrosse,Silver,United Kingdom,GBR,65138232.0,43875.9696143686,summer,6.63,6.88,6.13,6.63,4.75,7.13,4.38,5.75,14.0,7.0,5.13,60.375
1908-01-01,London,Lacrosse,Lacrosse,"SHORROCKS, H.",Men,Lacrosse,Silver,United Kingdom,GBR,65138232.0,43875.9696143686,summer,6.63,6.88,6.13,6.63,4.75,7.13,4.38,5.75,14.0,7.0,5.13,60.375
1908-01-01,London,Lacrosse,Lacrosse,"WHITLEY, Normnan Henry Pownall",Men,Lacrosse,Silver,United Kingdom,GBR,65138232.0,43875.9696143686,summer,6.63,6.88,6.13,6.63,4.75,7.13,4.38,5.75,14.0,7.0,5.13,60.375
1908-01-01,London,Rowing,Rowing,"DÜSKOW, Willi",Men,Coxless Pair (2-),Bronze,Germany,GER,81413145.0,41313.3139945434,summer,2.5,3.63,4.38,8.1300000000000008,4.0,2.88,1.75,7.13,39.0,4.0,7.75,46.125
1908-01-01,London,Rowing,Rowing,"JACKES, Norman B.",Men,Coxless Pair (2-),Bronze,Canada,CAN,35851774.0,43248.529909341,summer,2.5,3.63,4.38,8.1300000000000008,4.0,2.88,1.75,7.13,39.0,4.0,7.75,46.125
1908-01-01,London,Rowing,Rowing,"STAHNKE, Martin",Men,Coxless Pair (2-),Bronze,Germany,GER,81413145.0,41313.3139945434,summer,2.5,3.63,4.38,8.1300000000000008,4.0,2.88,1.75,7.13,39.0,4.0,7.75,46.125
1908-01-01,London,Rowing,Rowing,"TOMS, Fred P.",Men,Coxless Pair (2-),Bronze,Canada,CAN,35851774.0,43248.529909341,summer,2.5,3.63,4.38,8.1300000000000008,4.0,2.88,1.75,7.13,39.0,4.0,7.75,46.125
1908-01-01,London,Rowing,Rowing,"FENNING, John Reginald Keith",Men,Coxless Pair (2-),Gold,United Kingdom,GBR,65138232.0,43875.9696143686,summer,2.5,3.63,4.38,8.1300000000000008,4.0,2.88,1.75,7.13,39.0,4.0,7.75,46.125
1908-01-01,London,Rowing,Rowing,"THOMSON, Gordon Lindsay",Men,Coxless Pair (2-),Gold,United Kingdom,GBR,65138232.0,43875.9696143686,summer,2.5,3.63,4.38,8.1300000000000008,4.0,2.88,1.75,7.13,39.0,4.0,7.75,46.125
1908-01-01,London,Rowing,Rowing,"FAIRBAIRN, George Eric",Men,Coxless Pair (2-),Silver,United Kingdom,GBR,65138232.0,43875.9696143686,summer,2.5,3.63,4.38,8.1300000000000008,4.0,2.88,1.75,7.13,39.0,4.0,7.75,46.125
1908-01-01,London,Rowing,Rowing,"VERDON, Philip",Men,Coxless Pair (2-),Silver,United Kingdom,GBR,65138232.0,43875.9696143686,summer,2.5,3.63,4.38,8.1300000000000008,4.0,2.88,1.75,7.13,39.0,4.0,7.75,46.125
1908-01-01,London,Rowing,Rowing,"BALFOUR, Gordon Bruce",Men,Eight With Coxswain (8+),Bronze,Canada,CAN,35851774.0,43248.529909341,summer,2.5,3.63,4.38,8.1300000000000008,4.0,2.88,1.75,7.13,39.0,4.0,7.75,46.125
1908-01-01,London,Rowing,Rowing,"BOYLE, Richard Frederick",Men,Eight With Coxswain (8+),Bronze,United Kingdom,GBR,65138232.0,43875.9696143686,summer,2.5,3.63,4.38,8.1300000000000008,4.0,2.88,1.75,7.13,39.0,4.0,7.75,46.125
1908-01-01,London,Rowing,Rowing,"BURN, John Southerden",Men,Eight With Coxswain (8+),Bronze,United Kingdom,GBR,65138232.0,43875.9696143686,summer,2.5,3.63,4.38,8.1300000000000008,4.0,2.88,1.75,7.13,39.0,4.0,7.75,46.125
1908-01-01,London,Rowing,Rowing,"CARVER, Oswald Armitage",Men,Eight With Coxswain (8+),Bronze,United Kingdom,GBR,65138232.0,43875.9696143686,summer,2.5,3.63,4.38,8.1300000000000008,4.0,2.88,1.75,7.13,39.0,4.0,7.75,46.125
1908-01-01,London,Rowing,Rowing,"GALE, Becher Robert",Men,Eight With Coxswain (8+),Bronze,Canada,CAN,35851774.0,43248.529909341,summer,2.5,3.63,4.38,8.1300000000000008,4.0,2.88,1.75,7.13,39.0,4.0,7.75,46.125
1908-01-01,London,Rowing,Rowing,"GOLDSMITH, Henry Mills",Men,Eight With Coxswain (8+),Bronze,United Kingdom,GBR,65138232.0,43875.9696143686,summer,2.5,3.63,4.38,8.1300000000000008,4.0,2.88,1.75,7.13,39.0,4.0,7.75,46.125
1908-01-01,London,Rowing,Rowing,"JERWOOD, Frank Harold",Men,Eight With Coxswain (8+),Bronze,United Kingdom,GBR,65138232.0,43875.9696143686,summer,2.5,3.63,4.38,8.1300000000000008,4.0,2.88,1.75,7.13,39.0,4.0,7.75,46.125
1908-01-01,London,Rowing,Rowing,"KERTLAND, Douglas Edwin",Men,Eight With Coxswain (8+),Bronze,Canada,CAN,35851774.0,43248.529909341,summer,2.5,3.63,4.38,8.1300000000000008,4.0,2.88,1.75,7.13,39.0,4.0,7.75,46.125
1908-01-01,London,Rowing,Rowing,"KITCHING, Harold Edward",Men,Eight With Coxswain (8+),Bronze,United Kingdom,GBR,65138232.0,43875.9696143686,summer,2.5,3.63,4.38,8.1300000000000008,4.0,2.88,1.75,7.13,39.0,4.0,7.75,46.125
1908-01-01,London,Rowing,Rowing,"LEWIS, Walter Aiken",Men,Eight With Coxswain (8+),Bronze,Canada,CAN,35851774.0,43248.529909341,summer,2.5,3.63,4.38,8.1300000000000008,4.0,2.88,1.75,7.13,39.0,4.0,7.75,46.125
1908-01-01,London,Rowing,Rowing,"POWELL, Eric Walter",Men,Eight With Coxswain (8+),Bronze,United Kingdom,GBR,65138232.0,43875.9696143686,summer,2.5,3.63,4.38,8.1300000000000008,4.0,2.88,1.75,7.13,39.0,4.0,7.75,46.125
1908-01-01,London,Rowing,Rowing,"RIDDY, Charles",Men,Eight With Coxswain (8+),Bronze,Canada,CAN,35851774.0,43248.529909341,summer,2.5,3.63,4.38,8.1300000000000008,4.0,2.88,1.75,7.13,39.0,4.0,7.75,46.125
1908-01-01,London,Rowing,Rowing,"ROBERTSON, Irvine Geale",Men,Eight With Coxswain (8+),Bronze,Canada,CAN,35851774.0,43248.529909341,summer,2.5,3.63,4.38,8.1300000000000008,4.0,2.88,1.75,7.13,39.0,4.0,7.75,46.125
1908-01-01,London,Rowing,Rowing,"STUART, Douglas Cecil Rees",Men,Eight With Coxswain (8+),Bronze,United Kingdom,GBR,65138232.0,43875.9696143686,summer,2.5,3.63,4.38,8.1300000000000008,4.0,2.88,1.75,7.13,39.0,4.0,7.75,46.125
1908-01-01,London,Rowing,Rowing,"TAYLOR, Goeffrey Barron",Men,Eight With Coxswain (8+),Bronze,Canada,CAN,35851774.0,43248.529909341,summer,2.5,3.63,4.38,8.1300000000000008,4.0,2.88,1.75,7.13,39.0,4.0,7.75,46.125
1908-01-01,London,Rowing,Rowing,"THOMSON, Julius A.",Men,Eight With Coxswain (8+),Bronze,Canada,CAN,35851774.0,43248.529909341,summer,2.5,3.63,4.38,8.1300000000000008,4.0,2.88,1.75,7.13,39.0,4.0,7.75,46.125
1908-01-01,London,Rowing,Rowing,"WILLIAMS, Edward Gordon",Men,Eight With Coxswain (8+),Bronze,United Kingdom,GBR,65138232.0,43875.9696143686,summer,2.5,3.63,4.38,8.1300000000000008,4.0,2.88,1.75,7.13,39.0,4.0,7.75,46.125
1908-01-01,London,Rowing,Rowing,"WRIGHT, Joseph George",Men,Eight With Coxswain (8+),Bronze,Canada,CAN,35851774.0,43248.529909341,summer,2.5,3.63,4.38,8.1300000000000008,4.0,2.88,1.75,7.13,39.0,4.0,7.75,46.125
1908-01-01,London,Rowing,Rowing,"BUCKNALL, Henry Cresswell",Men,Eight With Coxswain (8+),Gold,United Kingdom,GBR,65138232.0,43875.9696143686,summer,2.5,3.63,4.38,8.1300000000000008,4.0,2.88,1.75,7.13,39.0,4.0,7.75,46.125
1908-01-01,London,Rowing,Rowing,"BURNELL, Charles Desborough",Men,Eight With Coxswain (8+),Gold,United Kingdom,GBR,65138232.0,43875.9696143686,summer,2.5,3.63,4.38,8.1300000000000008,4.0,2.88,1.75,7.13,39.0,4.0,7.75,46.125
1908-01-01,London,Rowing,Rowing,"ETHERINGTON-SMITH, Raymond Broadley",Men,Eight With Coxswain (8+),Gold,United Kingdom,GBR,65138232.0,43875.9696143686,summer,2.5,3.63,4.38,8.1300000000000008,4.0,2.88,1.75,7.13,39.0,4.0,7.75,46.125
1908-01-01,London,Rowing,Rowing,"GLADSTONE, Albert Charles",Men,Eight With Coxswain (8+),Gold,United Kingdom,GBR,65138232.0,43875.9696143686,summer,2.5,3.63,4.38,8.1300000000000008,4.0,2.88,1.75,7.13,39.0,4.0,7.75,46.125
1908-01-01,London,Rowing,Rowing,"JOHNSTONE, Banner Carruthers",Men,Eight With Coxswain (8+),Gold,United Kingdom,GBR,65138232.0,43875.9696143686,summer,2.5,3.63,4.38,8.1300000000000008,4.0,2.88,1.75,7.13,39.0,4.0,7.75,46.125
1908-01-01,London,Rowing,Rowing,"KELLY, Frederick Septimus",Men,Eight With Coxswain (8+),Gold,United Kingdom,GBR,65138232.0,43875.9696143686,summer,2.5,3.63,4.38,8.1300000000000008,4.0,2.88,1.75,7.13,39.0,4.0,7.75,46.125
1908-01-01,London,Rowing,Rowing,"MACLAGAN, Gilchrist Stanley",Men,Eight With Coxswain (8+),Gold,United Kingdom,GBR,65138232.0,43875.9696143686,summer,2.5,3.63,4.38,8.1300000000000008,4.0,2.88,1.75,7.13,39.0,4.0,7.75,46.125
1908-01-01,London,Rowing,Rowing,"NICKALLS, Guy O.",Men,Eight With Coxswain (8+),Gold,United Kingdom,GBR,65138232.0,43875.9696143686,summer,2.5,3.63,4.38,8.1300000000000008,4.0,2.88,1.75,7.13,39.0,4.0,7.75,46.125
1908-01-01,London,Rowing,Rowing,"SANDERSON, Ronald Harcour",Men,Eight With Coxswain (8+),Gold,United Kingdom,GBR,65138232.0,43875.9696143686,summer,2.5,3.63,4.38,8.1300000000000008,4.0,2.88,1.75,7.13,39.0,4.0,7.75,46.125
1908-01-01,London,Rowing,Rowing,"DE SOMVILLE, Oscar Charles",Men,Eight With Coxswain (8+),Silver,Belgium,BEL,11285721.0,40324.0277657215,summer,2.5,3.63,4.38,8.1300000000000008,4.0,2.88,1.75,7.13,39.0,4.0,7.75,46.125
1908-01-01,London,Rowing,Rowing,"MIJS, Georges",Men,Eight With Coxswain (8+),Silver,Belgium,BEL,11285721.0,40324.0277657215,summer,2.5,3.63,4.38,8.1300000000000008,4.0,2.88,1.75,7.13,39.0,4.0,7.75,46.125
1908-01-01,London,Rowing,Rowing,"MORIMONT, Marcel",Men,Eight With Coxswain (8+),Silver,Belgium,BEL,11285721.0,40324.0277657215,summer,2.5,3.63,4.38,8.1300000000000008,4.0,2.88,1.75,7.13,39.0,4.0,7.75,46.125
1908-01-01,London,Rowing,Rowing,"ORBAN, Rémy",Men,Eight With Coxswain (8+),Silver,Belgium,BEL,11285721.0,40324.0277657215,summer,2.5,3.63,4.38,8.1300000000000008,4.0,2.88,1.75,7.13,39.0,4.0,7.75,46.125
1908-01-01,London,Rowing,Rowing,"POMA, Rodolphe",Men,Eight With Coxswain (8+),Silver,Belgium,BEL,11285721.0,40324.0277657215,summer,2.5,3.63,4.38,8.1300000000000008,4.0,2.88,1.75,7.13,39.0,4.0,7.75,46.125
1908-01-01,London,Rowing,Rowing,"TAELMAN, Oscar",Men,Eight With Coxswain (8+),Silver,Belgium,BEL,11285721.0,40324.0277657215,summer,2.5,3.63,4.38,8.1300000000000008,4.0,2.88,1.75,7.13,39.0,4.0,7.75,46.125
1908-01-01,London,Rowing,Rowing,"VAN LANDEGHEM, Alfred",Men,Eight With Coxswain (8+),Silver,Belgium,BEL,11285721.0,40324.0277657215,summer,2.5,3.63,4.38,8.1300000000000008,4.0,2.88,1.75,7.13,39.0,4.0,7.75,46.125
1908-01-01,London,Rowing,Rowing,"VEIRMAN, Polydore",Men,Eight With Coxswain (8+),Silver,Belgium,BEL,11285721.0,40324.0277657215,summer,2.5,3.63,4.38,8.1300000000000008,4.0,2.88,1.75,7.13,39.0,4.0,7.75,46.125
1908-01-01,London,Rowing,Rowing,"VERGUCHT, François",Men,Eight With Coxswain (8+),Silver,Belgium,BEL,11285721.0,40324.0277657215,summer,2.5,3.63,4.38,8.1300000000000008,4.0,2.88,1.75,7.13,39.0,4.0,7.75,46.125
1908-01-01,London,Rowing,Rowing,"CUDMORE, Collier Robert",Men,Four Without Coxswain (4-),Gold,United Kingdom,GBR,65138232.0,43875.9696143686,summer,2.5,3.63,4.38,8.1300000000000008,4.0,2.88,1.75,7.13,39.0,4.0,7.75,46.125
1908-01-01,London,Rowing,Rowing,"GILLAN, James Angus",Men,Four Without Coxswain (4-),Gold,United Kingdom,GBR,65138232.0,43875.9696143686,summer,2.5,3.63,4.38,8.1300000000000008,4.0,2.88,1.75,7.13,39.0,4.0,7.75,46.125
1908-01-01,London,Rowing,Rowing,"MACKINNON, Duncan",Men,Four Without Coxswain (4-),Gold,United Kingdom,GBR,65138232.0,43875.9696143686,summer,2.5,3.63,4.38,8.1300000000000008,4.0,2.88,1.75,7.13,39.0,4.0,7.75,46.125
1908-01-01,London,Rowing,Rowing,"SOMERS-SMITH, John Robert",Men,Four Without Coxswain (4-),Gold,United Kingdom,GBR,65138232.0,43875.9696143686,summer,2.5,3.63,4.38,8.1300000000000008,4.0,2.88,1.75,7.13,39.0,4.0,7.75,46.125
1908-01-01,London,Rowing,Rowing,"BARKER, Harold Ross",Men,Four Without Coxswain (4-),Silver,United Kingdom,GBR,65138232.0,43875.9696143686,summer,2.5,3.63,4.38,8.1300000000000008,4.0,2.88,1.75,7.13,39.0,4.0,7.75,46.125
1908-01-01,London,Rowing,Rowing,"FENNING, John Reginald Keith",Men,Four Without Coxswain (4-),Silver,United Kingdom,GBR,65138232.0,43875.9696143686,summer,2.5,3.63,4.38,8.1300000000000008,4.0,2.88,1.75,7.13,39.0,4.0,7.75,46.125
1908-01-01,London,Rowing,Rowing,"FILLEUL, Philip Rowland",Men,Four Without Coxswain (4-),Silver,United Kingdom,GBR,65138232.0,43875.9696143686,summer,2.5,3.63,4.38,8.1300000000000008,4.0,2.88,1.75,7.13,39.0,4.0,7.75,46.125
1908-01-01,London,Rowing,Rowing,"THOMSON, Gordon Lindsay",Men,Four Without Coxswain (4-),Silver,United Kingdom,GBR,65138232.0,43875.9696143686,summer,2.5,3.63,4.38,8.1300000000000008,4.0,2.88,1.75,7.13,39.0,4.0,7.75,46.125
1908-01-01,London,Rowing,Rowing,"LEVICZKY, Károly",Men,Single Sculls (1X),Bronze,Hungary,HUN,9844686.0,12363.543459653898,summer,2.5,3.63,4.38,8.1300000000000008,4.0,2.88,1.75,7.13,39.0,4.0,7.75,46.125
1908-01-01,London,Rowing,Rowing,"VON GAZA, Bernhard",Men,Single Sculls (1X),Bronze,Germany,GER,81413145.0,41313.3139945434,summer,2.5,3.63,4.38,8.1300000000000008,4.0,2.88,1.75,7.13,39.0,4.0,7.75,46.125
1908-01-01,London,Rowing,Rowing,"BLACKSTAFFE, Harry Thomas",Men,Single Sculls (1X),Gold,United Kingdom,GBR,65138232.0,43875.9696143686,summer,2.5,3.63,4.38,8.1300000000000008,4.0,2.88,1.75,7.13,39.0,4.0,7.75,46.125
1908-01-01,London,Rowing,Rowing,"MCCULLOCH, Alexander",Men,Single Sculls (1X),Silver,United Kingdom,GBR,65138232.0,43875.9696143686,summer,2.5,3.63,4.38,8.1300000000000008,4.0,2.88,1.75,7.13,39.0,4.0,7.75,46.125
1908-01-01,London,Rugby,Rugby,"DAVEY, James",Men,Rugby,Silver,United Kingdom,GBR,65138232.0,43875.9696143686,summer,6.0,5.63,7.88,6.75,4.13,4.38,6.5,6.38,13.0,5.88,7.0,60.5
1908-01-01,London,Rugby,Rugby,"DEAN, L.F.",Men,Rugby,Silver,United Kingdom,GBR,65138232.0,43875.9696143686,summer,6.0,5.63,7.88,6.75,4.13,4.38,6.5,6.38,13.0,5.88,7.0,60.5
1908-01-01,London,Rugby,Rugby,"JACKETT, Edward John",Men,Rugby,Silver,United Kingdom,GBR,65138232.0,43875.9696143686,summer,6.0,5.63,7.88,6.75,4.13,4.38,6.5,6.38,13.0,5.88,7.0,60.5
1908-01-01,London,Rugby,Rugby,"JACKETT, Richard",Men,Rugby,Silver,United Kingdom,GBR,65138232.0,43875.9696143686,summer,6.0,5.63,7.88,6.75,4.13,4.38,6.5,6.38,13.0,5.88,7.0,60.5
1908-01-01,London,Rugby,Rugby,"JONES, E.J.",Men,Rugby,Silver,United Kingdom,GBR,65138232.0,43875.9696143686,summer,6.0,5.63,7.88,6.75,4.13,4.38,6.5,6.38,13.0,5.88,7.0,60.5
1908-01-01,London,Rugby,Rugby,"JOSE, J.T.",Men,Rugby,Silver,United Kingdom,GBR,65138232.0,43875.9696143686,summer,6.0,5.63,7.88,6.75,4.13,4.38,6.5,6.38,13.0,5.88,7.0,60.5
1908-01-01,London,Rugby,Rugby,"LAWREY, A.",Men,Rugby,Silver,United Kingdom,GBR,65138232.0,43875.9696143686,summer,6.0,5.63,7.88,6.75,4.13,4.38,6.5,6.38,13.0,5.88,7.0,60.5
1908-01-01,London,Rugby,Rugby,"MARSHALL, C.R.",Men,Rugby,Silver,United Kingdom,GBR,65138232.0,43875.9696143686,summer,6.0,5.63,7.88,6.75,4.13,4.38,6.5,6.38,13.0,5.88,7.0,60.5
1908-01-01,London,Rugby,Rugby,"SOLOMON, Bertram",Men,Rugby,Silver,United Kingdom,GBR,65138232.0,43875.9696143686,summer,6.0,5.63,7.88,6.75,4.13,4.38,6.5,6.38,13.0,5.88,7.0,60.5
1908-01-01,London,Rugby,Rugby,"SOLOMON, J.C Barney",Men,Rugby,Silver,United Kingdom,GBR,65138232.0,43875.9696143686,summer,6.0,5.63,7.88,6.75,4.13,4.38,6.5,6.38,13.0,5.88,7.0,60.5
1908-01-01,London,Rugby,Rugby,"TREGURTHA, Nicholaos",Men,Rugby,Silver,United Kingdom,GBR,65138232.0,43875.9696143686,summer,6.0,5.63,7.88,6.75,4.13,4.38,6.5,6.38,13.0,5.88,7.0,60.5
1908-01-01,London,Rugby,Rugby,"TREVASKIS, J.",Men,Rugby,Silver,United Kingdom,GBR,65138232.0,43875.9696143686,summer,6.0,5.63,7.88,6.75,4.13,4.38,6.5,6.38,13.0,5.88,7.0,60.5
1908-01-01,London,Rugby,Rugby,"WEDGE, Thomas Greenfeld",Men,Rugby,Silver,United Kingdom,GBR,65138232.0,43875.9696143686,summer,6.0,5.63,7.88,6.75,4.13,4.38,6.5,6.38,13.0,5.88,7.0,60.5
1908-01-01,London,Rugby,Rugby,"WILLCOCKS, A.",Men,Rugby,Silver,United Kingdom,GBR,65138232.0,43875.9696143686,summer,6.0,5.63,7.88,6.75,4.13,4.38,6.5,6.38,13.0,5.88,7.0,60.5
1908-01-01,London,Rugby,Rugby,"WILSON, Arthur James",Men,Rugby,Silver,United Kingdom,GBR,65138232.0,43875.9696143686,summer,6.0,5.63,7.88,6.75,4.13,4.38,6.5,6.38,13.0,5.88,7.0,60.5
1908-01-01,London,Shooting,Shooting,"BLOOD, Maurice",Men,"1000Y Free Rifle, Prone",Bronze,United Kingdom,GBR,65138232.0,43875.9696143686,summer,1.13,4.0,1.88,2.25,1.75,6.75,2.38,1.38,58.0,0.88,2.5,24.875
1908-01-01,London,Shooting,Shooting,"MILNER, Joshua Kearney",Men,"1000Y Free Rifle, Prone",Gold,United Kingdom,GBR,65138232.0,43875.9696143686,summer,1.13,4.0,1.88,2.25,1.75,6.75,2.38,1.38,58.0,0.88,2.5,24.875
1908-01-01,London,Shooting,Shooting,"CASEY, Kellog Kennon Venable",Men,"1000Y Free Rifle, Prone",Silver,United States,USA,321418820.0,56115.7184261955,summer,1.13,4.0,1.88,2.25,1.75,6.75,2.38,1.38,58.0,0.88,2.5,24.875
1908-01-01,London,Shooting,Shooting,"SWAHN, Oscar",Men,"100M Running Deer, Double Shots",Bronze,Sweden,SWE,9798871.0,50579.67364867769,summer,1.13,4.0,1.88,2.25,1.75,6.75,2.38,1.38,58.0,0.88,2.5,24.875
1908-01-01,London,Shooting,Shooting,"WINANS, Walter",Men,"100M Running Deer, Double Shots",Gold,United States,USA,321418820.0,56115.7184261955,summer,1.13,4.0,1.88,2.25,1.75,6.75,2.38,1.38,58.0,0.88,2.5,24.875
1908-01-01,London,Shooting,Shooting,"RANKEN, Ted",Men,"100M Running Deer, Double Shots",Silver,United Kingdom,GBR,65138232.0,43875.9696143686,summer,1.13,4.0,1.88,2.25,1.75,6.75,2.38,1.38,58.0,0.88,2.5,24.875
1908-01-01,London,Shooting,Shooting,"ROGERS, Alexander Elliott",Men,"100M Running Deer, Single Shots",Bronze,United Kingdom,GBR,65138232.0,43875.9696143686,summer,1.13,4.0,1.88,2.25,1.75,6.75,2.38,1.38,58.0,0.88,2.5,24.875
1908-01-01,London,Shooting,Shooting,"SWAHN, Oscar",Men,"100M Running Deer, Single Shots",Gold,Sweden,SWE,9798871.0,50579.67364867769,summer,1.13,4.0,1.88,2.25,1.75,6.75,2.38,1.38,58.0,0.88,2.5,24.875
1908-01-01,London,Shooting,Shooting,"RANKEN, Ted",Men,"100M Running Deer, Single Shots",Silver,United Kingdom,GBR,65138232.0,43875.9696143686,summer,1.13,4.0,1.88,2.25,1.75,6.75,2.38,1.38,58.0,0.88,2.5,24.875
1908-01-01,London,Shooting,Shooting,"KNÖPPEL, Arvid",Men,"100M Running Deer, Single Shots, Team",Gold,Sweden,SWE,9798871.0,50579.67364867769,summer,1.13,4.0,1.88,2.25,1.75,6.75,2.38,1.38,58.0,0.88,2.5,24.875
1908-01-01,London,Shooting,Shooting,"ROSELL, Ernest Oscar",Men,"100M Running Deer, Single Shots, Team",Gold,Sweden,SWE,9798871.0,50579.67364867769,summer,1.13,4.0,1.88,2.25,1.75,6.75,2.38,1.38,58.0,0.88,2.5,24.875
1908-01-01,London,Shooting,Shooting,"SWAHN, Alfred",Men,"100M Running Deer, Single Shots, Team",Gold,Sweden,SWE,9798871.0,50579.67364867769,summer,1.13,4.0,1.88,2.25,1.75,6.75,2.38,1.38,58.0,0.88,2.5,24.875
1908-01-01,London,Shooting,Shooting,"SWAHN, Oscar",Men,"100M Running Deer, Single Shots, Team",Gold,Sweden,SWE,9798871.0,50579.67364867769,summer,1.13,4.0,1.88,2.25,1.75,6.75,2.38,1.38,58.0,0.88,2.5,24.875
1908-01-01,London,Shooting,Shooting,"ELLICOTT, Walter",Men,"100M Running Deer, Single Shots, Team",Silver,United Kingdom,GBR,65138232.0,43875.9696143686,summer,1.13,4.0,1.88,2.25,1.75,6.75,2.38,1.38,58.0,0.88,2.5,24.875
1908-01-01,London,Shooting,Shooting,"LANE-JOYNT, William R.",Men,"100M Running Deer, Single Shots, Team",Silver,United Kingdom,GBR,65138232.0,43875.9696143686,summer,1.13,4.0,1.88,2.25,1.75,6.75,2.38,1.38,58.0,0.88,2.5,24.875
1908-01-01,London,Shooting,Shooting,"NIX, Charles George Ashburn",Men,"100M Running Deer, Single Shots, Team",Silver,United Kingdom,GBR,65138232.0,43875.9696143686,summer,1.13,4.0,1.88,2.25,1.75,6.75,2.38,1.38,58.0,0.88,2.5,24.875
1908-01-01,London,Shooting,Shooting,"RANKEN, Ted",Men,"100M Running Deer, Single Shots, Team",Silver,United Kingdom,GBR,65138232.0,43875.9696143686,summer,1.13,4.0,1.88,2.25,1.75,6.75,2.38,1.38,58.0,0.88,2.5,24.875
1908-01-01,London,Shooting,Shooting,"AMOORE, Edward John",Men,"25Y Small Bore Rifle, Disappearing Target",Bronze,United Kingdom,GBR,65138232.0,43875.9696143686,summer,1.13,4.0,1.88,2.25,1.75,6.75,2.38,1.38,58.0,0.88,2.5,24.875
1908-01-01,London,Shooting,Shooting,"STYLES, William Kensett",Men,"25Y Small Bore Rifle, Disappearing Target",Gold,United Kingdom,GBR,65138232.0,43875.9696143686,summer,1.13,4.0,1.88,2.25,1.75,6.75,2.38,1.38,58.0,0.88,2.5,24.875
1908-01-01,London,Shooting,Shooting,"HAWKINS, Harold I.",Men,"25Y Small Bore Rifle, Disappearing Target",Silver,United Kingdom,GBR,65138232.0,43875.9696143686,summer,1.13,4.0,1.88,2.25,1.75,6.75,2.38,1.38,58.0,0.88,2.5,24.875
1908-01-01,London,Shooting,Shooting,"MARSDEN, William B.",Men,"25Y Small Bore Rifle, Moving Target",Bronze,United Kingdom,GBR,65138232.0,43875.9696143686,summer,1.13,4.0,1.88,2.25,1.75,6.75,2.38,1.38,58.0,0.88,2.5,24.875
1908-01-01,London,Shooting,Shooting,"FLEMING, John Francis",Men,"25Y Small Bore Rifle, Moving Target",Gold,United Kingdom,GBR,65138232.0,43875.9696143686,summer,1.13,4.0,1.88,2.25,1.75,6.75,2.38,1.38,58.0,0.88,2.5,24.875
1908-01-01,London,Shooting,Shooting,"MATTHEWS, Michael K.",Men,"25Y Small Bore Rifle, Moving Target",Silver,United Kingdom,GBR,65138232.0,43875.9696143686,summer,1.13,4.0,1.88,2.25,1.75,6.75,2.38,1.38,58.0,0.88,2.5,24.875
1908-01-01,London,Shooting,Shooting,"SAETHER, Olaf",Men,300M Free Rifle 3 Positions (3X40 Shots),Bronze,Norway,NOR,5195921.0,74400.3697770928,summer,1.13,4.0,1.88,2.25,1.75,6.75,2.38,1.38,58.0,0.88,2.5,24.875
1908-01-01,London,Shooting,Shooting,"HELGERUD, Albert",Men,300M Free Rifle 3 Positions (3X40 Shots),Gold,Norway,NOR,5195921.0,74400.3697770928,summer,1.13,4.0,1.88,2.25,1.75,6.75,2.38,1.38,58.0,0.88,2.5,24.875
1908-01-01,London,Shooting,Shooting,"SIMON, Harry E.",Men,300M Free Rifle 3 Positions (3X40 Shots),Silver,United States,USA,321418820.0,56115.7184261955,summer,1.13,4.0,1.88,2.25,1.75,6.75,2.38,1.38,58.0,0.88,2.5,24.875
1908-01-01,London,Shooting,Shooting,"BONNEFOY, Henri",Men,"50+100Y Small Bore Rifle, Team",Bronze,France,FRA,66808385.0,36205.5681017036,summer,1.13,4.0,1.88,2.25,1.75,6.75,2.38,1.38,58.0,0.88,2.5,24.875
1908-01-01,London,Shooting,Shooting,"COLAS, Paul René",Men,"50+100Y Small Bore Rifle, Team",Bronze,France,FRA,66808385.0,36205.5681017036,summer,1.13,4.0,1.88,2.25,1.75,6.75,2.38,1.38,58.0,0.88,2.5,24.875
1908-01-01,London,Shooting,Shooting,"LECUYER, Léon",Men,"50+100Y Small Bore Rifle, Team",Bronze,France,FRA,66808385.0,36205.5681017036,summer,1.13,4.0,1.88,2.25,1.75,6.75,2.38,1.38,58.0,0.88,2.5,24.875
1908-01-01,London,Shooting,Shooting,"REGAUD, André",Men,"50+100Y Small Bore Rifle, Team",Bronze,France,FRA,66808385.0,36205.5681017036,summer,1.13,4.0,1.88,2.25,1.75,6.75,2.38,1.38,58.0,0.88,2.5,24.875
1908-01-01,London,Shooting,Shooting,"AMOORE, Edward John",Men,"50+100Y Small Bore Rifle, Team",Gold,United Kingdom,GBR,65138232.0,43875.9696143686,summer,1.13,4.0,1.88,2.25,1.75,6.75,2.38,1.38,58.0,0.88,2.5,24.875
1908-01-01,London,Shooting,Shooting,"HUMBY, Harry Robinson",Men,"50+100Y Small Bore Rifle, Team",Gold,United Kingdom,GBR,65138232.0,43875.9696143686,summer,1.13,4.0,1.88,2.25,1.75,6.75,2.38,1.38,58.0,0.88,2.5,24.875
1908-01-01,London,Shooting,Shooting,"MATTHEWS, Michael K.",Men,"50+100Y Small Bore Rifle, Team",Gold,United Kingdom,GBR,65138232.0,43875.9696143686,summer,1.13,4.0,1.88,2.25,1.75,6.75,2.38,1.38,58.0,0.88,2.5,24.875
1908-01-01,London,Shooting,Shooting,"PIMM, William Edwin",Men,"50+100Y Small Bore Rifle, Team",Gold,United Kingdom,GBR,65138232.0,43875.9696143686,summer,1.13,4.0,1.88,2.25,1.75,6.75,2.38,1.38,58.0,0.88,2.5,24.875
1908-01-01,London,Shooting,Shooting,"CARLBERG, Eric",Men,"50+100Y Small Bore Rifle, Team",Silver,Sweden,SWE,9798871.0,50579.67364867769,summer,1.13,4.0,1.88,2.25,1.75,6.75,2.38,1.38,58.0,0.88,2.5,24.875
1908-01-01,London,Shooting,Shooting,"CARLBERG, G. Vilhelm",Men,"50+100Y Small Bore Rifle, Team",Silver,Sweden,SWE,9798871.0,50579.67364867769,summer,1.13,4.0,1.88,2.25,1.75,6.75,2.38,1.38,58.0,0.88,2.5,24.875
1908-01-01,London,Shooting,Shooting,"SCHARTAU, Frans Albert",Men,"50+100Y Small Bore Rifle, Team",Silver,Sweden,SWE,9798871.0,50579.67364867769,summer,1.13,4.0,1.88,2.25,1.75,6.75,2.38,1.38,58.0,0.88,2.5,24.875
1908-01-01,London,Shooting,Shooting,"VON HOLST, Johan Hübner",Men,"50+100Y Small Bore Rifle, Team",Silver,Sweden,SWE,9798871.0,50579.67364867769,summer,1.13,4.0,1.88,2.25,1.75,6.75,2.38,1.38,58.0,0.88,2.5,24.875
1908-01-01,London,Shooting,Shooting,"GORMAN, James Edward",Men,50M Pistol (60 Shots),Bronze,United States,USA,321418820.0,56115.7184261955,summer,1.13,4.0,1.88,2.25,1.75,6.75,2.38,1.38,58.0,0.88,2.5,24.875
1908-01-01,London,Shooting,Shooting,"VAN ASBROECK, Paul",Men,50M Pistol (60 Shots),Gold,Belgium,BEL,11285721.0,40324.0277657215,summer,1.13,4.0,1.88,2.25,1.75,6.75,2.38,1.38,58.0,0.88,2.5,24.875
1908-01-01,London,Shooting,Shooting,"STORMS, Réginald",Men,50M Pistol (60 Shots),Silver,Belgium,BEL,11285721.0,40324.0277657215,summer,1.13,4.0,1.88,2.25,1.75,6.75,2.38,1.38,58.0,0.88,2.5,24.875
1908-01-01,London,Shooting,Shooting,"BARNES, George",Men,50M Rifle Prone (60 Shots),Bronze,United Kingdom,GBR,65138232.0,43875.9696143686,summer,1.13,4.0,1.88,2.25,1.75,6.75,2.38,1.38,58.0,0.88,2.5,24.875
1908-01-01,London,Shooting,Shooting,"CARNELL, Arthur Ashton",Men,50M Rifle Prone (60 Shots),Gold,United Kingdom,GBR,65138232.0,43875.9696143686,summer,1.13,4.0,1.88,2.25,1.75,6.75,2.38,1.38,58.0,0.88,2.5,24.875
1908-01-01,London,Shooting,Shooting,"HUMBY, Harry Robinson",Men,50M Rifle Prone (60 Shots),Silver,United Kingdom,GBR,65138232.0,43875.9696143686,summer,1.13,4.0,1.88,2.25,1.75,6.75,2.38,1.38,58.0,0.88,2.5,24.875
1908-01-01,London,Shooting,Shooting,"COLES, Geoffrey Horsman",Men,"50Y Army Pistol, Team",Bronze,United Kingdom,GBR,65138232.0,43875.9696143686,summer,1.13,4.0,1.88,2.25,1.75,6.75,2.38,1.38,58.0,0.88,2.5,24.875
1908-01-01,London,Shooting,Shooting,"ELLICOTT, Walter",Men,"50Y Army Pistol, Team",Bronze,United Kingdom,GBR,65138232.0,43875.9696143686,summer,1.13,4.0,1.88,2.25,1.75,6.75,2.38,1.38,58.0,0.88,2.5,24.875
1908-01-01,London,Shooting,Shooting,"LYNCH-STAUNTON, Henry George",Men,"50Y Army Pistol, Team",Bronze,United Kingdom,GBR,65138232.0,43875.9696143686,summer,1.13,4.0,1.88,2.25,1.75,6.75,2.38,1.38,58.0,0.88,2.5,24.875
1908-01-01,London,Shooting,Shooting,"WALLINGFORD, Jesse Alfred",Men,"50Y Army Pistol, Team",Bronze,United Kingdom,GBR,65138232.0,43875.9696143686,summer,1.13,4.0,1.88,2.25,1.75,6.75,2.38,1.38,58.0,0.88,2.5,24.875
1908-01-01,London,Shooting,Shooting,"AXTELL, Charles Sumner",Men,"50Y Army Pistol, Team",Gold,United States,USA,321418820.0,56115.7184261955,summer,1.13,4.0,1.88,2.25,1.75,6.75,2.38,1.38,58.0,0.88,2.5,24.875
1908-01-01,London,Shooting,Shooting,"CALKINS, Irving Romaro",Men,"50Y Army Pistol, Team",Gold,United States,USA,321418820.0,56115.7184261955,summer,1.13,4.0,1.88,2.25,1.75,6.75,2.38,1.38,58.0,0.88,2.5,24.875
1908-01-01,London,Shooting,Shooting,"DIETZ, John A.",Men,"50Y Army Pistol, Team",Gold,United States,USA,321418820.0,56115.7184261955,summer,1.13,4.0,1.88,2.25,1.75,6.75,2.38,1.38,58.0,0.88,2.5,24.875
1908-01-01,London,Shooting,Shooting,"GORMAN, James Edward",Men,"50Y Army Pistol, Team",Gold,United States,USA,321418820.0,56115.7184261955,summer,1.13,4.0,1.88,2.25,1.75,6.75,2.38,1.38,58.0,0.88,2.5,24.875
1908-01-01,London,Shooting,Shooting,"ENGLEBERT, René",Men,"50Y Army Pistol, Team",Silver,Belgium,BEL,11285721.0,40324.0277657215,summer,1.13,4.0,1.88,2.25,1.75,6.75,2.38,1.38,58.0,0.88,2.5,24.875
1908-01-01,London,Shooting,Shooting,"PAUMIER DU VERGIER, Charles",Men,"50Y Army Pistol, Team",Silver,Belgium,BEL,11285721.0,40324.0277657215,summer,1.13,4.0,1.88,2.25,1.75,6.75,2.38,1.38,58.0,0.88,2.5,24.875
1908-01-01,London,Shooting,Shooting,"STORMS, Réginald",Men,"50Y Army Pistol, Team",Silver,Belgium,BEL,11285721.0,40324.0277657215,summer,1.13,4.0,1.88,2.25,1.75,6.75,2.38,1.38,58.0,0.88,2.5,24.875
1908-01-01,London,Shooting,Shooting,"VAN ASBROECK, Paul",Men,"50Y Army Pistol, Team",Silver,Belgium,BEL,11285721.0,40324.0277657215,summer,1.13,4.0,1.88,2.25,1.75,6.75,2.38,1.38,58.0,0.88,2.5,24.875
1908-01-01,London,Shooting,Shooting,"BUTT, John Hurst",Men,"Clay Pigeons, Team",Bronze,United Kingdom,GBR,65138232.0,43875.9696143686,summer,1.13,4.0,1.88,2.25,1.75,6.75,2.38,1.38,58.0,0.88,2.5,24.875
1908-01-01,London,Shooting,Shooting,"CREASEY, Harold P.",Men,"Clay Pigeons, Team",Bronze,United Kingdom,GBR,65138232.0,43875.9696143686,summer,1.13,4.0,1.88,2.25,1.75,6.75,2.38,1.38,58.0,0.88,2.5,24.875
1908-01-01,London,Shooting,Shooting,"HUTTON, Richard",Men,"Clay Pigeons, Team",Bronze,United Kingdom,GBR,65138232.0,43875.9696143686,summer,1.13,4.0,1.88,2.25,1.75,6.75,2.38,1.38,58.0,0.88,2.5,24.875
1908-01-01,London,Shooting,Shooting,"MORRIS, William B.",Men,"Clay Pigeons, Team",Bronze,United Kingdom,GBR,65138232.0,43875.9696143686,summer,1.13,4.0,1.88,2.25,1.75,6.75,2.38,1.38,58.0,0.88,2.5,24.875
1908-01-01,London,Shooting,Shooting,"SKINNER, Gerald H.",Men,"Clay Pigeons, Team",Bronze,United Kingdom,GBR,65138232.0,43875.9696143686,summer,1.13,4.0,1.88,2.25,1.75,6.75,2.38,1.38,58.0,0.88,2.5,24.875
1908-01-01,London,Shooting,Shooting,"WHITAKER, George",Men,"Clay Pigeons, Team",Bronze,United Kingdom,GBR,65138232.0,43875.9696143686,summer,1.13,4.0,1.88,2.25,1.75,6.75,2.38,1.38,58.0,0.88,2.5,24.875
1908-01-01,London,Shooting,Shooting,"EASTE, Peter",Men,"Clay Pigeons, Team",Gold,United Kingdom,GBR,65138232.0,43875.9696143686,summer,1.13,4.0,1.88,2.25,1.75,6.75,2.38,1.38,58.0,0.88,2.5,24.875
1908-01-01,London,Shooting,Shooting,"MAUNDER, Alexander",Men,"Clay Pigeons, Team",Gold,United Kingdom,GBR,65138232.0,43875.9696143686,summer,1.13,4.0,1.88,2.25,1.75,6.75,2.38,1.38,58.0,0.88,2.5,24.875
1908-01-01,London,Shooting,Shooting,"MOORE, Frank W.",Men,"Clay Pigeons, Team",Gold,United Kingdom,GBR,65138232.0,43875.9696143686,summer,1.13,4.0,1.88,2.25,1.75,6.75,2.38,1.38,58.0,0.88,2.5,24.875
1908-01-01,London,Shooting,Shooting,"PALMER, Charles",Men,"Clay Pigeons, Team",Gold,United Kingdom,GBR,65138232.0,43875.9696143686,summer,1.13,4.0,1.88,2.25,1.75,6.75,2.38,1.38,58.0,0.88,2.5,24.875
1908-01-01,London,Shooting,Shooting,"PIKE, James F.",Men,"Clay Pigeons, Team",Gold,United Kingdom,GBR,65138232.0,43875.9696143686,summer,1.13,4.0,1.88,2.25,1.75,6.75,2.38,1.38,58.0,0.88,2.5,24.875
1908-01-01,London,Shooting,Shooting,"POSTANS, John M.",Men,"Clay Pigeons, Team",Gold,United Kingdom,GBR,65138232.0,43875.9696143686,summer,1.13,4.0,1.88,2.25,1.75,6.75,2.38,1.38,58.0,0.88,2.5,24.875
1908-01-01,London,Shooting,Shooting,"BEATTIE, George",Men,"Clay Pigeons, Team",Silver,Canada,CAN,35851774.0,43248.529909341,summer,1.13,4.0,1.88,2.25,1.75,6.75,2.38,1.38,58.0,0.88,2.5,24.875
1908-01-01,London,Shooting,Shooting,"EWING, Walter Henry",Men,"Clay Pigeons, Team",Silver,Canada,CAN,35851774.0,43248.529909341,summer,1.13,4.0,1.88,2.25,1.75,6.75,2.38,1.38,58.0,0.88,2.5,24.875
1908-01-01,London,Shooting,Shooting,"FLETCHER, Mylie E.",Men,"Clay Pigeons, Team",Silver,Canada,CAN,35851774.0,43248.529909341,summer,1.13,4.0,1.88,2.25,1.75,6.75,2.38,1.38,58.0,0.88,2.5,24.875
1908-01-01,London,Shooting,Shooting,"MCMACKON, Donald",Men,"Clay Pigeons, Team",Silver,Canada,CAN,35851774.0,43248.529909341,summer,1.13,4.0,1.88,2.25,1.75,6.75,2.38,1.38,58.0,0.88,2.5,24.875
1908-01-01,London,Shooting,Shooting,"VIVIAN, George L.",Men,"Clay Pigeons, Team",Silver,Canada,CAN,35851774.0,43248.529909341,summer,1.13,4.0,1.88,2.25,1.75,6.75,2.38,1.38,58.0,0.88,2.5,24.875
1908-01-01,London,Shooting,Shooting,"WESTOVER, Arthur W.",Men,"Clay Pigeons, Team",Silver,Canada,CAN,35851774.0,43248.529909341,summer,1.13,4.0,1.88,2.25,1.75,6.75,2.38,1.38,58.0,0.88,2.5,24.875
1908-01-01,London,Shooting,Shooting,"BALME, Eugène",Men,"Free Rifle, Team",Bronze,France,FRA,66808385.0,36205.5681017036,summer,1.13,4.0,1.88,2.25,1.75,6.75,2.38,1.38,58.0,0.88,2.5,24.875
1908-01-01,London,Shooting,Shooting,"COURQUIN, Albert",Men,"Free Rifle, Team",Bronze,France,FRA,66808385.0,36205.5681017036,summer,1.13,4.0,1.88,2.25,1.75,6.75,2.38,1.38,58.0,0.88,2.5,24.875
1908-01-01,London,Shooting,Shooting,"DE BOIGNE, Raoul",Men,"Free Rifle, Team",Bronze,France,FRA,66808385.0,36205.5681017036,summer,1.13,4.0,1.88,2.25,1.75,6.75,2.38,1.38,58.0,0.88,2.5,24.875
1908-01-01,London,Shooting,Shooting,"JOHNSON, Léon",Men,"Free Rifle, Team",Bronze,France,FRA,66808385.0,36205.5681017036,summer,1.13,4.0,1.88,2.25,1.75,6.75,2.38,1.38,58.0,0.88,2.5,24.875
1908-01-01,London,Shooting,Shooting,"LECOQ, Maurice",Men,"Free Rifle, Team",Bronze,France,FRA,66808385.0,36205.5681017036,summer,1.13,4.0,1.88,2.25,1.75,6.75,2.38,1.38,58.0,0.88,2.5,24.875
1908-01-01,London,Shooting,Shooting,"PARMENTIER, André",Men,"Free Rifle, Team",Bronze,France,FRA,66808385.0,36205.5681017036,summer,1.13,4.0,1.88,2.25,1.75,6.75,2.38,1.38,58.0,0.88,2.5,24.875
1908-01-01,London,Shooting,Shooting,"BRAATHE, Julius",Men,"Free Rifle, Team",Gold,Norway,NOR,5195921.0,74400.3697770928,summer,1.13,4.0,1.88,2.25,1.75,6.75,2.38,1.38,58.0,0.88,2.5,24.875
1908-01-01,London,Shooting,Shooting,"HELGERUD, Albert",Men,"Free Rifle, Team",Gold,Norway,NOR,5195921.0,74400.3697770928,summer,1.13,4.0,1.88,2.25,1.75,6.75,2.38,1.38,58.0,0.88,2.5,24.875
1908-01-01,London,Shooting,Shooting,"LIBERG, Einar",Men,"Free Rifle, Team",Gold,Norway,NOR,5195921.0,74400.3697770928,summer,1.13,4.0,1.88,2.25,1.75,6.75,2.38,1.38,58.0,0.88,2.5,24.875
1908-01-01,London,Shooting,Shooting,"SAETHER, Olaf",Men,"Free Rifle, Team",Gold,Norway,NOR,5195921.0,74400.3697770928,summer,1.13,4.0,1.88,2.25,1.75,6.75,2.38,1.38,58.0,0.88,2.5,24.875
1908-01-01,London,Shooting,Shooting,"SAETHER, Ole Andreas",Men,"Free Rifle, Team",Gold,Norway,NOR,5195921.0,74400.3697770928,summer,1.13,4.0,1.88,2.25,1.75,6.75,2.38,1.38,58.0,0.88,2.5,24.875
1908-01-01,London,Shooting,Shooting,"SKATTEBOE, Gudbrand Gudbrandsen",Men,"Free Rifle, Team",Gold,Norway,NOR,5195921.0,74400.3697770928,summer,1.13,4.0,1.88,2.25,1.75,6.75,2.38,1.38,58.0,0.88,2.5,24.875
1908-01-01,London,Shooting,Shooting,"ARVIDSSON, Per Olof",Men,"Free Rifle, Team",Silver,Sweden,SWE,9798871.0,50579.67364867769,summer,1.13,4.0,1.88,2.25,1.75,6.75,2.38,1.38,58.0,0.88,2.5,24.875
1908-01-01,London,Shooting,Shooting,"GUSTAFSSON, Janne",Men,"Free Rifle, Team",Silver,Sweden,SWE,9798871.0,50579.67364867769,summer,1.13,4.0,1.88,2.25,1.75,6.75,2.38,1.38,58.0,0.88,2.5,24.875
1908-01-01,London,Shooting,Shooting,"JANSSON, Axel",Men,"Free Rifle, Team",Silver,Sweden,SWE,9798871.0,50579.67364867769,summer,1.13,4.0,1.88,2.25,1.75,6.75,2.38,1.38,58.0,0.88,2.5,24.875
1908-01-01,London,Shooting,Shooting,"JONSSON, Gustaf Adolf",Men,"Free Rifle, Team",Silver,Sweden,SWE,9798871.0,50579.67364867769,summer,1.13,4.0,1.88,2.25,1.75,6.75,2.38,1.38,58.0,0.88,2.5,24.875
1908-01-01,London,Shooting,Shooting,"RUNDBERG, Claës",Men,"Free Rifle, Team",Silver,Sweden,SWE,9798871.0,50579.67364867769,summer,1.13,4.0,1.88,2.25,1.75,6.75,2.38,1.38,58.0,0.88,2.5,24.875
1908-01-01,London,Shooting,Shooting,"SJÖBERG, Gustav Adolf",Men,"Free Rifle, Team",Silver,Sweden,SWE,9798871.0,50579.67364867769,summer,1.13,4.0,1.88,2.25,1.75,6.75,2.38,1.38,58.0,0.88,2.5,24.875
1908-01-01,London,Shooting,Shooting,"CROWE, Charles Robert",Men,"Rifle, Team",Bronze,Canada,CAN,35851774.0,43248.529909341,summer,1.13,4.0,1.88,2.25,1.75,6.75,2.38,1.38,58.0,0.88,2.5,24.875
1908-01-01,London,Shooting,Shooting,"EASTCOTT, William Merrill",Men,"Rifle, Team",Bronze,Canada,CAN,35851774.0,43248.529909341,summer,1.13,4.0,1.88,2.25,1.75,6.75,2.38,1.38,58.0,0.88,2.5,24.875
1908-01-01,London,Shooting,Shooting,"KERR, Harry",Men,"Rifle, Team",Bronze,Canada,CAN,35851774.0,43248.529909341,summer,1.13,4.0,1.88,2.25,1.75,6.75,2.38,1.38,58.0,0.88,2.5,24.875
1908-01-01,London,Shooting,Shooting,"MCINNIS, Dugald",Men,"Rifle, Team",Bronze,Canada,CAN,35851774.0,43248.529909341,summer,1.13,4.0,1.88,2.25,1.75,6.75,2.38,1.38,58.0,0.88,2.5,24.875
1908-01-01,London,Shooting,Shooting,"SMITH, William Albert",Men,"Rifle, Team",Bronze,Canada,CAN,35851774.0,43248.529909341,summer,1.13,4.0,1.88,2.25,1.75,6.75,2.38,1.38,58.0,0.88,2.5,24.875
1908-01-01,London,Shooting,Shooting,"WILLIAMS, Bruce M.",Men,"Rifle, Team",Bronze,Canada,CAN,35851774.0,43248.529909341,summer,1.13,4.0,1.88,2.25,1.75,6.75,2.38,1.38,58.0,0.88,2.5,24.875
1908-01-01,London,Shooting,Shooting,"BENEDICT, Charles Summer",Men,"Rifle, Team",Gold,United States,USA,321418820.0,56115.7184261955,summer,1.13,4.0,1.88,2.25,1.75,6.75,2.38,1.38,58.0,0.88,2.5,24.875
1908-01-01,London,Shooting,Shooting,"CASEY, Kellog Kennon Venable",Men,"Rifle, Team",Gold,United States,USA,321418820.0,56115.7184261955,summer,1.13,4.0,1.88,2.25,1.75,6.75,2.38,1.38,58.0,0.88,2.5,24.875
1908-01-01,London,Shooting,Shooting,"EASTMAN, Albert",Men,"Rifle, Team",Gold,United States,USA,321418820.0,56115.7184261955,summer,1.13,4.0,1.88,2.25,1.75,6.75,2.38,1.38,58.0,0.88,2.5,24.875
1908-01-01,London,Shooting,Shooting,"LEUSHNER, William F.",Men,"Rifle, Team",Gold,United States,USA,321418820.0,56115.7184261955,summer,1.13,4.0,1.88,2.25,1.75,6.75,2.38,1.38,58.0,0.88,2.5,24.875
1908-01-01,London,Shooting,Shooting,"MARTIN, William",Men,"Rifle, Team",Gold,United States,USA,321418820.0,56115.7184261955,summer,1.13,4.0,1.88,2.25,1.75,6.75,2.38,1.38,58.0,0.88,2.5,24.875
1908-01-01,London,Shooting,Shooting,"WINDER, Charles B.",Men,"Rifle, Team",Gold,United States,USA,321418820.0,56115.7184261955,summer,1.13,4.0,1.88,2.25,1.75,6.75,2.38,1.38,58.0,0.88,2.5,24.875
1908-01-01,London,Shooting,Shooting,"FULTON, Arthur George",Men,"Rifle, Team",Silver,United Kingdom,GBR,65138232.0,43875.9696143686,summer,1.13,4.0,1.88,2.25,1.75,6.75,2.38,1.38,58.0,0.88,2.5,24.875
1908-01-01,London,Shooting,Shooting,"MARTIN, John E.",Men,"Rifle, Team",Silver,United Kingdom,GBR,65138232.0,43875.9696143686,summer,1.13,4.0,1.88,2.25,1.75,6.75,2.38,1.38,58.0,0.88,2.5,24.875
1908-01-01,London,Shooting,Shooting,"OMMUNDSEN, Harcourt",Men,"Rifle, Team",Silver,United Kingdom,GBR,65138232.0,43875.9696143686,summer,1.13,4.0,1.88,2.25,1.75,6.75,2.38,1.38,58.0,0.88,2.5,24.875
1908-01-01,London,Shooting,Shooting,"PADGETT, William G.",Men,"Rifle, Team",Silver,United Kingdom,GBR,65138232.0,43875.9696143686,summer,1.13,4.0,1.88,2.25,1.75,6.75,2.38,1.38,58.0,0.88,2.5,24.875
1908-01-01,London,Shooting,Shooting,"RICHARDSON, Philipp Wigam",Men,"Rifle, Team",Silver,United Kingdom,GBR,65138232.0,43875.9696143686,summer,1.13,4.0,1.88,2.25,1.75,6.75,2.38,1.38,58.0,0.88,2.5,24.875
1908-01-01,London,Shooting,Shooting,"VARLEY, Fleetwood Ernest",Men,"Rifle, Team",Silver,United Kingdom,GBR,65138232.0,43875.9696143686,summer,1.13,4.0,1.88,2.25,1.75,6.75,2.38,1.38,58.0,0.88,2.5,24.875
1908-01-01,London,Shooting,Shooting,"MAUNDER, Alexander",Men,Trap (125 Targets),Bronze,United Kingdom,GBR,65138232.0,43875.9696143686,summer,1.13,4.0,1.88,2.25,1.75,6.75,2.38,1.38,58.0,0.88,2.5,24.875
1908-01-01,London,Shooting,Shooting,"EWING, Walter Henry",Men,Trap (125 Targets),Gold,Canada,CAN,35851774.0,43248.529909341,summer,1.13,4.0,1.88,2.25,1.75,6.75,2.38,1.38,58.0,0.88,2.5,24.875
1908-01-01,London,Shooting,Shooting,"BEATTIE, George",Men,Trap (125 Targets),Silver,Canada,CAN,35851774.0,43248.529909341,summer,1.13,4.0,1.88,2.25,1.75,6.75,2.38,1.38,58.0,0.88,2.5,24.875
1908-01-01,London,Skating,Figure skating,"THOREN, Per",Men,Individual,Bronze,Sweden,SWE,9798871.0,50579.67364867769,summer,6.88,4.25,4.0,6.38,8.25,3.13,4.88,6.63,19.0,5.13,5.25,54.75
1908-01-01,London,Skating,Figure skating,"SALCHOW, Ulrich",Men,Individual,Gold,Sweden,SWE,9798871.0,50579.67364867769,summer,6.88,4.25,4.0,6.38,8.25,3.13,4.88,6.63,19.0,5.13,5.25,54.75
1908-01-01,London,Skating,Figure skating,"JOHANSSON, Richard",Men,Individual,Silver,Sweden,SWE,9798871.0,50579.67364867769,summer,6.88,4.25,4.0,6.38,8.25,3.13,4.88,6.63,19.0,5.13,5.25,54.75
1908-01-01,London,Skating,Figure skating,"GREENHOUGH-SMITH, Dorothy",Women,Individual,Bronze,Germany,GER,81413145.0,41313.3139945434,summer,6.88,4.25,4.0,6.38,8.25,3.13,4.88,6.63,19.0,5.13,5.25,54.75
1908-01-01,London,Skating,Figure skating,"SYERS, Florence",Women,Individual,Gold,United Kingdom,GBR,65138232.0,43875.9696143686,summer,6.88,4.25,4.0,6.38,8.25,3.13,4.88,6.63,19.0,5.13,5.25,54.75
1908-01-01,London,Skating,Figure skating,"RENDSCHMIDT, Else",Women,Individual,Silver,Germany,GER,81413145.0,41313.3139945434,summer,6.88,4.25,4.0,6.38,8.25,3.13,4.88,6.63,19.0,5.13,5.25,54.75
1908-01-01,London,Skating,Figure skating,"SYERS, Edgar",Men,Pairs,Bronze,United Kingdom,GBR,65138232.0,43875.9696143686,summer,6.88,4.25,4.0,6.38,8.25,3.13,4.88,6.63,19.0,5.13,5.25,54.75
1908-01-01,London,Skating,Figure skating,"BURGER, Heinrich",Men,Pairs,Gold,Germany,GER,81413145.0,41313.3139945434,summer,6.88,4.25,4.0,6.38,8.25,3.13,4.88,6.63,19.0,5.13,5.25,54.75
1908-01-01,London,Skating,Figure skating,"JOHNSON, James",Men,Pairs,Silver,United Kingdom,GBR,65138232.0,43875.9696143686,summer,6.88,4.25,4.0,6.38,8.25,3.13,4.88,6.63,19.0,5.13,5.25,54.75
1908-01-01,London,Skating,Figure skating,"SYERS, Florence",Women,Pairs,Bronze,United Kingdom,GBR,65138232.0,43875.9696143686,summer,6.88,4.25,4.0,6.38,8.25,3.13,4.88,6.63,19.0,5.13,5.25,54.75
1908-01-01,London,Skating,Figure skating,"HÜBLER, Anna",Women,Pairs,Gold,Germany,GER,81413145.0,41313.3139945434,summer,6.88,4.25,4.0,6.38,8.25,3.13,4.88,6.63,19.0,5.13,5.25,54.75
1908-01-01,London,Skating,Figure skating,"JOHNSON, Phyllis",Women,Pairs,Silver,United Kingdom,GBR,65138232.0,43875.9696143686,summer,6.88,4.25,4.0,6.38,8.25,3.13,4.88,6.63,19.0,5.13,5.25,54.75
1908-01-01,London,Skating,Figure skating,"HALL-SAY, George Norman Ernest",Men,Special Figures,Bronze,United Kingdom,GBR,65138232.0,43875.9696143686,summer,6.88,4.25,4.0,6.38,8.25,3.13,4.88,6.63,19.0,5.13,5.25,54.75
1908-01-01,London,Skating,Figure skating,"CUMMING, Arthur",Men,Special Figures,Silver,United Kingdom,GBR,65138232.0,43875.9696143686,summer,6.88,4.25,4.0,6.38,8.25,3.13,4.88,6.63,19.0,5.13,5.25,54.75
1908-01-01,London,Tennis,Tennis,"CAZALET, Clement Haughton Langston",Men,Doubles,Bronze,United Kingdom,GBR,65138232.0,43875.9696143686,summer,7.75,6.75,5.0,7.25,5.63,8.38,3.0,7.13,7.0,6.75,5.13,62.75
1908-01-01,London,Tennis,Tennis,"DIXON, Charles Percy",Men,Doubles,Bronze,United Kingdom,GBR,65138232.0,43875.9696143686,summer,7.75,6.75,5.0,7.25,5.63,8.38,3.0,7.13,7.0,6.75,5.13,62.75
1908-01-01,London,Tennis,Tennis,"DOHERTY, Reginald Frank",Men,Doubles,Gold,United Kingdom,GBR,65138232.0,43875.9696143686,summer,7.75,6.75,5.0,7.25,5.63,8.38,3.0,7.13,7.0,6.75,5.13,62.75
1908-01-01,London,Tennis,Tennis,"HILLYARD, George Whiteside",Men,Doubles,Gold,United Kingdom,GBR,65138232.0,43875.9696143686,summer,7.75,6.75,5.0,7.25,5.63,8.38,3.0,7.13,7.0,6.75,5.13,62.75
1908-01-01,London,Tennis,Tennis,"PARKE, James Cecil",Men,Doubles,Silver,United Kingdom,GBR,65138232.0,43875.9696143686,summer,7.75,6.75,5.0,7.25,5.63,8.38,3.0,7.13,7.0,6.75,5.13,62.75
1908-01-01,London,Tennis,Tennis,"RITCHIE, Josiah George",Men,Doubles,Silver,United Kingdom,GBR,65138232.0,43875.9696143686,summer,7.75,6.75,5.0,7.25,5.63,8.38,3.0,7.13,7.0,6.75,5.13,62.75
1908-01-01,London,Tennis,Tennis,"BOSTRÖM, Wollmar",Men,Doubles Indoor,Bronze,Sweden,SWE,9798871.0,50579.67364867769,summer,7.75,6.75,5.0,7.25,5.63,8.38,3.0,7.13,7.0,6.75,5.13,62.75
1908-01-01,London,Tennis,Tennis,"SETTERWALL, Gunnar",Men,Doubles Indoor,Bronze,Sweden,SWE,9798871.0,50579.67364867769,summer,7.75,6.75,5.0,7.25,5.63,8.38,3.0,7.13,7.0,6.75,5.13,62.75
1908-01-01,London,Tennis,Tennis,"BARRETT, Herbert Roper",Men,Doubles Indoor,Gold,United Kingdom,GBR,65138232.0,43875.9696143686,summer,7.75,6.75,5.0,7.25,5.63,8.38,3.0,7.13,7.0,6.75,5.13,62.75
1908-01-01,London,Tennis,Tennis,"GORE, Arthur Wentworth",Men,Doubles Indoor,Gold,United Kingdom,GBR,65138232.0,43875.9696143686,summer,7.75,6.75,5.0,7.25,5.63,8.38,3.0,7.13,7.0,6.75,5.13,62.75
1908-01-01,London,Tennis,Tennis,"CARIDIA, George Aristedes",Men,Doubles Indoor,Silver,United Kingdom,GBR,65138232.0,43875.9696143686,summer,7.75,6.75,5.0,7.25,5.63,8.38,3.0,7.13,7.0,6.75,5.13,62.75
1908-01-01,London,Tennis,Tennis,"SIMOND, George Mievillle",Men,Doubles Indoor,Silver,United Kingdom,GBR,65138232.0,43875.9696143686,summer,7.75,6.75,5.0,7.25,5.63,8.38,3.0,7.13,7.0,6.75,5.13,62.75
1908-01-01,London,Tennis,Tennis,"EAVES, Wilberforce Vaughan",Men,Singles,Bronze,United Kingdom,GBR,65138232.0,43875.9696143686,summer,7.75,6.75,5.0,7.25,5.63,8.38,3.0,7.13,7.0,6.75,5.13,62.75
1908-01-01,London,Tennis,Tennis,"RITCHIE, Josiah George",Men,Singles,Gold,United Kingdom,GBR,65138232.0,43875.9696143686,summer,7.75,6.75,5.0,7.25,5.63,8.38,3.0,7.13,7.0,6.75,5.13,62.75
1908-01-01,London,Tennis,Tennis,"FROITZHEIM, Otto",Men,Singles,Silver,Germany,GER,81413145.0,41313.3139945434,summer,7.75,6.75,5.0,7.25,5.63,8.38,3.0,7.13,7.0,6.75,5.13,62.75
1908-01-01,London,Tennis,Tennis,"WINCH, Ruth Joan",Women,Singles,Bronze,United Kingdom,GBR,65138232.0,43875.9696143686,summer,7.75,6.75,5.0,7.25,5.63,8.38,3.0,7.13,7.0,6.75,5.13,62.75
1908-01-01,London,Tennis,Tennis,"CHAMBERS, Dorothy Katherine",Women,Singles,Gold,United Kingdom,GBR,65138232.0,43875.9696143686,summer,7.75,6.75,5.0,7.25,5.63,8.38,3.0,7.13,7.0,6.75,5.13,62.75
1908-01-01,London,Tennis,Tennis,"BOOTHBY, Penelope Dora Harvey",Women,Singles,Silver,United Kingdom,GBR,65138232.0,43875.9696143686,summer,7.75,6.75,5.0,7.25,5.63,8.38,3.0,7.13,7.0,6.75,5.13,62.75
1908-01-01,London,Tennis,Tennis,"RITCHIE, Josiah George",Men,Singles Indoor,Bronze,United Kingdom,GBR,65138232.0,43875.9696143686,summer,7.75,6.75,5.0,7.25,5.63,8.38,3.0,7.13,7.0,6.75,5.13,62.75
1908-01-01,London,Tennis,Tennis,"GORE, Arthur Wentworth",Men,Singles Indoor,Gold,United Kingdom,GBR,65138232.0,43875.9696143686,summer,7.75,6.75,5.0,7.25,5.63,8.38,3.0,7.13,7.0,6.75,5.13,62.75
1908-01-01,London,Tennis,Tennis,"CARIDIA, George Aristedes",Men,Singles Indoor,Silver,United Kingdom,GBR,65138232.0,43875.9696143686,summer,7.75,6.75,5.0,7.25,5.63,8.38,3.0,7.13,7.0,6.75,5.13,62.75
1908-01-01,London,Tennis,Tennis,"ADLERSTRAHLE, Märtha",Women,Singles Indoor,Bronze,Sweden,SWE,9798871.0,50579.67364867769,summer,7.75,6.75,5.0,7.25,5.63,8.38,3.0,7.13,7.0,6.75,5.13,62.75
1908-01-01,London,Tennis,Tennis,"EASTLAKE-SMITH, Gwendoline",Women,Singles Indoor,Gold,United Kingdom,GBR,65138232.0,43875.9696143686,summer,7.75,6.75,5.0,7.25,5.63,8.38,3.0,7.13,7.0,6.75,5.13,62.75
1908-01-01,London,Tennis,Tennis,"GREENE, Angela Nora G.",Women,Singles Indoor,Silver,United Kingdom,GBR,65138232.0,43875.9696143686,summer,7.75,6.75,5.0,7.25,5.63,8.38,3.0,7.13,7.0,6.75,5.13,62.75
1908-01-01,London,Wrestling,Wrestling Free.,"COTE, Aubert",Men,- 54KG (Bantamweight),Bronze,Canada,CAN,35851774.0,43248.529909341,summer,6.38,6.38,6.75,6.63,7.5,4.25,5.0,7.13,5.0,5.13,8.38,63.5
1908-01-01,London,Wrestling,Wrestling Free.,"MEHNERT, George Nicholas",Men,- 54KG (Bantamweight),Gold,United States,USA,321418820.0,56115.7184261955,summer,6.38,6.38,6.75,6.63,7.5,4.25,5.0,7.13,5.0,5.13,8.38,63.5
1908-01-01,London,Wrestling,Wrestling Free.,"PRESS, William J.",Men,- 54KG (Bantamweight),Silver,United Kingdom,GBR,65138232.0,43875.9696143686,summer,6.38,6.38,6.75,6.63,7.5,4.25,5.0,7.13,5.0,5.13,8.38,63.5
1908-01-01,London,Wrestling,Wrestling Free.,"BARRETT, Edward Edmond",Men,+ 73KG (Heavyweight),Bronze,United Kingdom,GBR,65138232.0,43875.9696143686,summer,6.38,6.38,6.75,6.63,7.5,4.25,5.0,7.13,5.0,5.13,8.38,63.5
1908-01-01,London,Wrestling,Wrestling Free.,"O'KELLY, George Cornelius",Men,+ 73KG (Heavyweight),Gold,United Kingdom,GBR,65138232.0,43875.9696143686,summer,6.38,6.38,6.75,6.63,7.5,4.25,5.0,7.13,5.0,5.13,8.38,63.5
1908-01-01,London,Wrestling,Wrestling Free.,"GUNDERSON, Jacob",Men,+ 73KG (Heavyweight),Silver,Norway,NOR,5195921.0,74400.3697770928,summer,6.38,6.38,6.75,6.63,7.5,4.25,5.0,7.13,5.0,5.13,8.38,63.5
1908-01-01,London,Wrestling,Wrestling Free.,"MCKIE, William",Men,54 - 60.3KG (Featherweight),Bronze,United Kingdom,GBR,65138232.0,43875.9696143686,summer,6.38,6.38,6.75,6.63,7.5,4.25,5.0,7.13,5.0,5.13,8.38,63.5
1908-01-01,London,Wrestling,Wrestling Free.,"DOLE, George Stuart",Men,54 - 60.3KG (Featherweight),Gold,United States,USA,321418820.0,56115.7184261955,summer,6.38,6.38,6.75,6.63,7.5,4.25,5.0,7.13,5.0,5.13,8.38,63.5
1908-01-01,London,Wrestling,Wrestling Free.,"SLIM, James P.",Men,54 - 60.3KG (Featherweight),Silver,United Kingdom,GBR,65138232.0,43875.9696143686,summer,6.38,6.38,6.75,6.63,7.5,4.25,5.0,7.13,5.0,5.13,8.38,63.5
1908-01-01,London,Wrestling,Wrestling Free.,"GINGELL, Albert",Men,60.3 - 66.6KG (Lightweight),Bronze,United Kingdom,GBR,65138232.0,43875.9696143686,summer,6.38,6.38,6.75,6.63,7.5,4.25,5.0,7.13,5.0,5.13,8.38,63.5
1908-01-01,London,Wrestling,Wrestling Free.,"DE RELWYSKOW, George Frederick",Men,60.3 - 66.6KG (Lightweight),Gold,United Kingdom,GBR,65138232.0,43875.9696143686,summer,6.38,6.38,6.75,6.63,7.5,4.25,5.0,7.13,5.0,5.13,8.38,63.5
1908-01-01,London,Wrestling,Wrestling Free.,"WOOD, William",Men,60.3 - 66.6KG (Lightweight),Silver,United Kingdom,GBR,65138232.0,43875.9696143686,summer,6.38,6.38,6.75,6.63,7.5,4.25,5.0,7.13,5.0,5.13,8.38,63.5
1908-01-01,London,Wrestling,Wrestling Free.,"BECK, Frederick",Men,66.6 - 73KG (Middleweight),Bronze,United Kingdom,GBR,65138232.0,43875.9696143686,summer,6.38,6.38,6.75,6.63,7.5,4.25,5.0,7.13,5.0,5.13,8.38,63.5
1908-01-01,London,Wrestling,Wrestling Free.,"BACON, Stanley Vivian",Men,66.6 - 73KG (Middleweight),Gold,United Kingdom,GBR,65138232.0,43875.9696143686,summer,6.38,6.38,6.75,6.63,7.5,4.25,5.0,7.13,5.0,5.13,8.38,63.5
1908-01-01,London,Wrestling,Wrestling Free.,"DE RELWYSKOW, George Frederick",Men,66.6 - 73KG (Middleweight),Silver,United Kingdom,GBR,65138232.0,43875.9696143686,summer,6.38,6.38,6.75,6.63,7.5,4.25,5.0,7.13,5.0,5.13,8.38,63.5
